"occurrenceId","speciesId","siteId","date","inits","note"
1,1809,101,"2005-06-06","sw","initial record"
2,1001,102,"2025-06-21","MnDNR","from MNTaxa"
3,1013,102,"2025-06-21","MnDNR","from MNTaxa"
4,1009,102,"2025-06-21","MnDNR","from MNTaxa"
5,1010,102,"2025-06-21","MnDNR","from MNTaxa"
6,1011,102,"2025-06-21","MnDNR","from MNTaxa"
7,1014,102,"2025-06-21","MnDNR","from MNTaxa"
8,1019,102,"2025-06-21","MnDNR","from MNTaxa"
9,1020,102,"2025-06-21","MnDNR","from MNTaxa"
10,1031,102,"2025-06-21","MnDNR","from MNTaxa"
11,1030,102,"2025-06-21","MnDNR","from MNTaxa"
12,1034,102,"2025-06-21","MnDNR","from MNTaxa"
13,1033,102,"2025-06-21","MnDNR","from MNTaxa"
14,1035,102,"2025-06-21","MnDNR","from MNTaxa"
15,1038,102,"2025-06-21","MnDNR","from MNTaxa"
16,1039,102,"2025-06-21","MnDNR","from MNTaxa"
17,1049,102,"2025-06-21","MnDNR","from MNTaxa"
18,1046,102,"2025-06-21","MnDNR","from MNTaxa"
19,1047,102,"2025-06-21","MnDNR","from MNTaxa"
20,1051,102,"2025-06-21","MnDNR","from MNTaxa"
21,1053,102,"2025-06-21","MnDNR","from MNTaxa"
22,1063,102,"2025-06-21","MnDNR","from MNTaxa"
23,1058,102,"2025-06-21","MnDNR","from MNTaxa"
24,1059,102,"2025-06-21","MnDNR","from MNTaxa"
25,1061,102,"2025-06-21","MnDNR","from MNTaxa"
26,1064,102,"2025-06-21","MnDNR","from MNTaxa"
27,1066,102,"2025-06-21","MnDNR","from MNTaxa"
28,1073,102,"2025-06-21","MnDNR","from MNTaxa"
29,1081,102,"2025-06-21","MnDNR","from MNTaxa"
30,1090,102,"2025-06-21","MnDNR","from MNTaxa"
31,1096,102,"2025-06-21","MnDNR","from MNTaxa"
32,1097,102,"2025-06-21","MnDNR","from MNTaxa"
33,1098,102,"2025-06-21","MnDNR","from MNTaxa"
34,1099,102,"2025-06-21","MnDNR","from MNTaxa"
35,1104,102,"2025-06-21","MnDNR","from MNTaxa"
36,1105,102,"2025-06-21","MnDNR","from MNTaxa"
37,1108,102,"2025-06-21","MnDNR","from MNTaxa"
38,1112,102,"2025-06-21","MnDNR","from MNTaxa"
39,1109,102,"2025-06-21","MnDNR","from MNTaxa"
40,1111,102,"2025-06-21","MnDNR","from MNTaxa"
41,1113,102,"2025-06-21","MnDNR","from MNTaxa"
42,1114,102,"2025-06-21","MnDNR","from MNTaxa"
43,1115,102,"2025-06-21","MnDNR","from MNTaxa"
44,1116,102,"2025-06-21","MnDNR","from MNTaxa"
45,1131,102,"2025-06-21","MnDNR","from MNTaxa"
46,1134,102,"2025-06-21","MnDNR","from MNTaxa"
47,1140,102,"2025-06-21","MnDNR","from MNTaxa"
48,1139,102,"2025-06-21","MnDNR","from MNTaxa"
49,1141,102,"2025-06-21","MnDNR","from MNTaxa"
50,1144,102,"2025-06-21","MnDNR","from MNTaxa"
51,1145,102,"2025-06-21","MnDNR","from MNTaxa"
52,1146,102,"2025-06-21","MnDNR","from MNTaxa"
53,1149,102,"2025-06-21","MnDNR","from MNTaxa"
54,1156,102,"2025-06-21","MnDNR","from MNTaxa"
55,1169,102,"2025-06-21","MnDNR","from MNTaxa"
56,1174,102,"2025-06-21","MnDNR","from MNTaxa"
57,1171,102,"2025-06-21","MnDNR","from MNTaxa"
58,1172,102,"2025-06-21","MnDNR","from MNTaxa"
59,1173,102,"2025-06-21","MnDNR","from MNTaxa"
60,1176,102,"2025-06-21","MnDNR","from MNTaxa"
61,1177,102,"2025-06-21","MnDNR","from MNTaxa"
62,1190,102,"2025-06-21","MnDNR","from MNTaxa"
63,1180,102,"2025-06-21","MnDNR","from MNTaxa"
64,1181,102,"2025-06-21","MnDNR","from MNTaxa"
65,1182,102,"2025-06-21","MnDNR","from MNTaxa"
66,1186,102,"2025-06-21","MnDNR","from MNTaxa"
67,1188,102,"2025-06-21","MnDNR","from MNTaxa"
68,1189,102,"2025-06-21","MnDNR","from MNTaxa"
69,1191,102,"2025-06-21","MnDNR","from MNTaxa"
70,1206,102,"2025-06-21","MnDNR","from MNTaxa"
71,1196,102,"2025-06-21","MnDNR","from MNTaxa"
72,1198,102,"2025-06-21","MnDNR","from MNTaxa"
73,1200,102,"2025-06-21","MnDNR","from MNTaxa"
74,1201,102,"2025-06-21","MnDNR","from MNTaxa"
75,1207,102,"2025-06-21","MnDNR","from MNTaxa"
76,1221,102,"2025-06-21","MnDNR","from MNTaxa"
77,1223,102,"2025-06-21","MnDNR","from MNTaxa"
78,1224,102,"2025-06-21","MnDNR","from MNTaxa"
79,1226,102,"2025-06-21","MnDNR","from MNTaxa"
80,1228,102,"2025-06-21","MnDNR","from MNTaxa"
81,1234,102,"2025-06-21","MnDNR","from MNTaxa"
82,1231,102,"2025-06-21","MnDNR","from MNTaxa"
83,1236,102,"2025-06-21","MnDNR","from MNTaxa"
84,1243,102,"2025-06-21","MnDNR","from MNTaxa"
85,1254,102,"2025-06-21","MnDNR","from MNTaxa"
86,1256,102,"2025-06-21","MnDNR","from MNTaxa"
87,1257,102,"2025-06-21","MnDNR","from MNTaxa"
88,1275,102,"2025-06-21","MnDNR","from MNTaxa"
89,1278,102,"2025-06-21","MnDNR","from MNTaxa"
90,1276,102,"2025-06-21","MnDNR","from MNTaxa"
91,1277,102,"2025-06-21","MnDNR","from MNTaxa"
92,1286,102,"2025-06-21","MnDNR","from MNTaxa"
93,1287,102,"2025-06-21","MnDNR","from MNTaxa"
94,1288,102,"2025-06-21","MnDNR","from MNTaxa"
95,1290,102,"2025-06-21","MnDNR","from MNTaxa"
96,1300,102,"2025-06-21","MnDNR","from MNTaxa"
97,1302,102,"2025-06-21","MnDNR","from MNTaxa"
98,1306,102,"2025-06-21","MnDNR","from MNTaxa"
99,1307,102,"2025-06-21","MnDNR","from MNTaxa"
100,1315,102,"2025-06-21","MnDNR","from MNTaxa"
101,1317,102,"2025-06-21","MnDNR","from MNTaxa"
102,1328,102,"2025-06-21","MnDNR","from MNTaxa"
103,1332,102,"2025-06-21","MnDNR","from MNTaxa"
104,1336,102,"2025-06-21","MnDNR","from MNTaxa"
105,1341,102,"2025-06-21","MnDNR","from MNTaxa"
106,1338,102,"2025-06-21","MnDNR","from MNTaxa"
107,1342,102,"2025-06-21","MnDNR","from MNTaxa"
108,1346,102,"2025-06-21","MnDNR","from MNTaxa"
109,1355,102,"2025-06-21","MnDNR","from MNTaxa"
110,1353,102,"2025-06-21","MnDNR","from MNTaxa"
111,1356,102,"2025-06-21","MnDNR","from MNTaxa"
112,1357,102,"2025-06-21","MnDNR","from MNTaxa"
113,1358,102,"2025-06-21","MnDNR","from MNTaxa"
114,1360,102,"2025-06-21","MnDNR","from MNTaxa"
115,1361,102,"2025-06-21","MnDNR","from MNTaxa"
116,1362,102,"2025-06-21","MnDNR","from MNTaxa"
117,1363,102,"2025-06-21","MnDNR","from MNTaxa"
118,1381,102,"2025-06-21","MnDNR","from MNTaxa"
119,1369,102,"2025-06-21","MnDNR","from MNTaxa"
120,1377,102,"2025-06-21","MnDNR","from MNTaxa"
121,1379,102,"2025-06-21","MnDNR","from MNTaxa"
122,1391,102,"2025-06-21","MnDNR","from MNTaxa"
123,1393,102,"2025-06-21","MnDNR","from MNTaxa"
124,1394,102,"2025-06-21","MnDNR","from MNTaxa"
125,1397,102,"2025-06-21","MnDNR","from MNTaxa"
126,1400,102,"2025-06-21","MnDNR","from MNTaxa"
127,1405,102,"2025-06-21","MnDNR","from MNTaxa"
128,1406,102,"2025-06-21","MnDNR","from MNTaxa"
129,1407,102,"2025-06-21","MnDNR","from MNTaxa"
130,1418,102,"2025-06-21","MnDNR","from MNTaxa"
131,1419,102,"2025-06-21","MnDNR","from MNTaxa"
132,1420,102,"2025-06-21","MnDNR","from MNTaxa"
133,1502,102,"2025-06-21","MnDNR","from MNTaxa"
134,1423,102,"2025-06-21","MnDNR","from MNTaxa"
135,1426,102,"2025-06-21","MnDNR","from MNTaxa"
136,1429,102,"2025-06-21","MnDNR","from MNTaxa"
137,1431,102,"2025-06-21","MnDNR","from MNTaxa"
138,1434,102,"2025-06-21","MnDNR","from MNTaxa"
139,1436,102,"2025-06-21","MnDNR","from MNTaxa"
140,1437,102,"2025-06-21","MnDNR","from MNTaxa"
141,1452,102,"2025-06-21","MnDNR","from MNTaxa"
142,1453,102,"2025-06-21","MnDNR","from MNTaxa"
143,1455,102,"2025-06-21","MnDNR","from MNTaxa"
144,1458,102,"2025-06-21","MnDNR","from MNTaxa"
145,1462,102,"2025-06-21","MnDNR","from MNTaxa"
146,1468,102,"2025-06-21","MnDNR","from MNTaxa"
147,1471,102,"2025-06-21","MnDNR","from MNTaxa"
148,1474,102,"2025-06-21","MnDNR","from MNTaxa"
149,1476,102,"2025-06-21","MnDNR","from MNTaxa"
150,1481,102,"2025-06-21","MnDNR","from MNTaxa"
151,1483,102,"2025-06-21","MnDNR","from MNTaxa"
152,1487,102,"2025-06-21","MnDNR","from MNTaxa"
153,1488,102,"2025-06-21","MnDNR","from MNTaxa"
154,1498,102,"2025-06-21","MnDNR","from MNTaxa"
155,1507,102,"2025-06-21","MnDNR","from MNTaxa"
156,1509,102,"2025-06-21","MnDNR","from MNTaxa"
157,1511,102,"2025-06-21","MnDNR","from MNTaxa"
158,1514,102,"2025-06-21","MnDNR","from MNTaxa"
159,1515,102,"2025-06-21","MnDNR","from MNTaxa"
160,1516,102,"2025-06-21","MnDNR","from MNTaxa"
161,1527,102,"2025-06-21","MnDNR","from MNTaxa"
162,1529,102,"2025-06-21","MnDNR","from MNTaxa"
163,1533,102,"2025-06-21","MnDNR","from MNTaxa"
164,1537,102,"2025-06-21","MnDNR","from MNTaxa"
165,1559,102,"2025-06-21","MnDNR","from MNTaxa"
166,1554,102,"2025-06-21","MnDNR","from MNTaxa"
167,1557,102,"2025-06-21","MnDNR","from MNTaxa"
168,1567,102,"2025-06-21","MnDNR","from MNTaxa"
169,1564,102,"2025-06-21","MnDNR","from MNTaxa"
170,1568,102,"2025-06-21","MnDNR","from MNTaxa"
171,1570,102,"2025-06-21","MnDNR","from MNTaxa"
172,1571,102,"2025-06-21","MnDNR","from MNTaxa"
173,1573,102,"2025-06-21","MnDNR","from MNTaxa"
174,1575,102,"2025-06-21","MnDNR","from MNTaxa"
175,1580,102,"2025-06-21","MnDNR","from MNTaxa"
176,1577,102,"2025-06-21","MnDNR","from MNTaxa"
177,1579,102,"2025-06-21","MnDNR","from MNTaxa"
178,1581,102,"2025-06-21","MnDNR","from MNTaxa"
179,1586,102,"2025-06-21","MnDNR","from MNTaxa"
180,1590,102,"2025-06-21","MnDNR","from MNTaxa"
181,1591,102,"2025-06-21","MnDNR","from MNTaxa"
182,1592,102,"2025-06-21","MnDNR","from MNTaxa"
183,1601,102,"2025-06-21","MnDNR","from MNTaxa"
184,1602,102,"2025-06-21","MnDNR","from MNTaxa"
185,1608,102,"2025-06-21","MnDNR","from MNTaxa"
186,1610,102,"2025-06-21","MnDNR","from MNTaxa"
187,1615,102,"2025-06-21","MnDNR","from MNTaxa"
188,1618,102,"2025-06-21","MnDNR","from MNTaxa"
189,1619,102,"2025-06-21","MnDNR","from MNTaxa"
190,1621,102,"2025-06-21","MnDNR","from MNTaxa"
191,1622,102,"2025-06-21","MnDNR","from MNTaxa"
192,1627,102,"2025-06-21","MnDNR","from MNTaxa"
193,1626,102,"2025-06-21","MnDNR","from MNTaxa"
194,1631,102,"2025-06-21","MnDNR","from MNTaxa"
195,1639,102,"2025-06-21","MnDNR","from MNTaxa"
196,1642,102,"2025-06-21","MnDNR","from MNTaxa"
197,1650,102,"2025-06-21","MnDNR","from MNTaxa"
198,1651,102,"2025-06-21","MnDNR","from MNTaxa"
199,1657,102,"2025-06-21","MnDNR","from MNTaxa"
200,1670,102,"2025-06-21","MnDNR","from MNTaxa"
201,1679,102,"2025-06-21","MnDNR","from MNTaxa"
202,1693,102,"2025-06-21","MnDNR","from MNTaxa"
203,1694,102,"2025-06-21","MnDNR","from MNTaxa"
204,1695,102,"2025-06-21","MnDNR","from MNTaxa"
205,1696,102,"2025-06-21","MnDNR","from MNTaxa"
206,1697,102,"2025-06-21","MnDNR","from MNTaxa"
207,1712,102,"2025-06-21","MnDNR","from MNTaxa"
208,1707,102,"2025-06-21","MnDNR","from MNTaxa"
209,1710,102,"2025-06-21","MnDNR","from MNTaxa"
210,1713,102,"2025-06-21","MnDNR","from MNTaxa"
211,1719,102,"2025-06-21","MnDNR","from MNTaxa"
212,1727,102,"2025-06-21","MnDNR","from MNTaxa"
213,1730,102,"2025-06-21","MnDNR","from MNTaxa"
214,1738,102,"2025-06-21","MnDNR","from MNTaxa"
215,1739,102,"2025-06-21","MnDNR","from MNTaxa"
216,1757,102,"2025-06-21","MnDNR","from MNTaxa"
217,1747,102,"2025-06-21","MnDNR","from MNTaxa"
218,1750,102,"2025-06-21","MnDNR","from MNTaxa"
219,1751,102,"2025-06-21","MnDNR","from MNTaxa"
220,1759,102,"2025-06-21","MnDNR","from MNTaxa"
221,1774,102,"2025-06-21","MnDNR","from MNTaxa"
222,1780,102,"2025-06-21","MnDNR","from MNTaxa"
223,1790,102,"2025-06-21","MnDNR","from MNTaxa"
224,1793,102,"2025-06-21","MnDNR","from MNTaxa"
225,1794,102,"2025-06-21","MnDNR","from MNTaxa"
226,1809,102,"2025-06-21","MnDNR","from MNTaxa"
227,1810,102,"2025-06-21","MnDNR","from MNTaxa"
228,1811,102,"2025-06-21","MnDNR","from MNTaxa"
229,1815,102,"2025-06-21","MnDNR","from MNTaxa"
230,1846,102,"2025-06-21","MnDNR","from MNTaxa"
231,1833,102,"2025-06-21","MnDNR","from MNTaxa"
232,1841,102,"2025-06-21","MnDNR","from MNTaxa"
233,1847,102,"2025-06-21","MnDNR","from MNTaxa"
234,1851,102,"2025-06-21","MnDNR","from MNTaxa"
235,1852,102,"2025-06-21","MnDNR","from MNTaxa"
236,1864,102,"2025-06-21","MnDNR","from MNTaxa"
237,1854,102,"2025-06-21","MnDNR","from MNTaxa"
238,1856,102,"2025-06-21","MnDNR","from MNTaxa"
239,1859,102,"2025-06-21","MnDNR","from MNTaxa"
240,1860,102,"2025-06-21","MnDNR","from MNTaxa"
241,1872,102,"2025-06-21","MnDNR","from MNTaxa"
242,1869,102,"2025-06-21","MnDNR","from MNTaxa"
243,1871,102,"2025-06-21","MnDNR","from MNTaxa"
244,1873,102,"2025-06-21","MnDNR","from MNTaxa"
245,1878,102,"2025-06-21","MnDNR","from MNTaxa"
246,1879,102,"2025-06-21","MnDNR","from MNTaxa"
247,1880,102,"2025-06-21","MnDNR","from MNTaxa"
248,1881,102,"2025-06-21","MnDNR","from MNTaxa"
249,1882,102,"2025-06-21","MnDNR","from MNTaxa"
250,1883,102,"2025-06-21","MnDNR","from MNTaxa"
251,1904,102,"2025-06-21","MnDNR","from MNTaxa"
252,1913,102,"2025-06-21","MnDNR","from MNTaxa"
253,1910,102,"2025-06-21","MnDNR","from MNTaxa"
254,1916,102,"2025-06-21","MnDNR","from MNTaxa"
255,1917,102,"2025-06-21","MnDNR","from MNTaxa"
256,1918,102,"2025-06-21","MnDNR","from MNTaxa"
257,1927,102,"2025-06-21","MnDNR","from MNTaxa"
258,1929,102,"2025-06-21","MnDNR","from MNTaxa"
259,1936,102,"2025-06-21","MnDNR","from MNTaxa"
260,1944,102,"2025-06-21","MnDNR","from MNTaxa"
261,1943,102,"2025-06-21","MnDNR","from MNTaxa"
262,1948,102,"2025-06-21","MnDNR","from MNTaxa"
263,1952,102,"2025-06-21","MnDNR","from MNTaxa"
264,1960,102,"2025-06-21","MnDNR","from MNTaxa"
265,1961,102,"2025-06-21","MnDNR","from MNTaxa"
266,1971,102,"2025-06-21","MnDNR","from MNTaxa"
267,1977,102,"2025-06-21","MnDNR","from MNTaxa"
268,1982,102,"2025-06-21","MnDNR","from MNTaxa"
269,1983,102,"2025-06-21","MnDNR","from MNTaxa"
270,1988,102,"2025-06-21","MnDNR","from MNTaxa"
271,1989,102,"2025-06-21","MnDNR","from MNTaxa"
272,1993,102,"2025-06-21","MnDNR","from MNTaxa"
273,1997,102,"2025-06-21","MnDNR","from MNTaxa"
274,2002,102,"2025-06-21","MnDNR","from MNTaxa"
275,1999,102,"2025-06-21","MnDNR","from MNTaxa"
276,2000,102,"2025-06-21","MnDNR","from MNTaxa"
277,2003,102,"2025-06-21","MnDNR","from MNTaxa"
278,2008,102,"2025-06-21","MnDNR","from MNTaxa"
279,2009,102,"2025-06-21","MnDNR","from MNTaxa"
280,2022,102,"2025-06-21","MnDNR","from MNTaxa"
281,2019,102,"2025-06-21","MnDNR","from MNTaxa"
282,2033,102,"2025-06-21","MnDNR","from MNTaxa"
283,2031,102,"2025-06-21","MnDNR","from MNTaxa"
284,2034,102,"2025-06-21","MnDNR","from MNTaxa"
285,2035,102,"2025-06-21","MnDNR","from MNTaxa"
286,2037,102,"2025-06-21","MnDNR","from MNTaxa"
287,2038,102,"2025-06-21","MnDNR","from MNTaxa"
288,2044,102,"2025-06-21","MnDNR","from MNTaxa"
289,2046,102,"2025-06-21","MnDNR","from MNTaxa"
290,2048,102,"2025-06-21","MnDNR","from MNTaxa"
291,2060,102,"2025-06-21","MnDNR","from MNTaxa"
292,2065,102,"2025-06-21","MnDNR","from MNTaxa"
293,2072,102,"2025-06-21","MnDNR","from MNTaxa"
294,2074,102,"2025-06-21","MnDNR","from MNTaxa"
295,2075,102,"2025-06-21","MnDNR","from MNTaxa"
296,2076,102,"2025-06-21","MnDNR","from MNTaxa"
297,2083,102,"2025-06-21","MnDNR","from MNTaxa"
298,2080,102,"2025-06-21","MnDNR","from MNTaxa"
299,2087,102,"2025-06-21","MnDNR","from MNTaxa"
300,2089,102,"2025-06-21","MnDNR","from MNTaxa"
301,2090,102,"2025-06-21","MnDNR","from MNTaxa"
302,2091,102,"2025-06-21","MnDNR","from MNTaxa"
303,2093,102,"2025-06-21","MnDNR","from MNTaxa"
304,2094,102,"2025-06-21","MnDNR","from MNTaxa"
305,2101,102,"2025-06-21","MnDNR","from MNTaxa"
306,2102,102,"2025-06-21","MnDNR","from MNTaxa"
307,2106,102,"2025-06-21","MnDNR","from MNTaxa"
308,2110,102,"2025-06-21","MnDNR","from MNTaxa"
309,2114,102,"2025-06-21","MnDNR","from MNTaxa"
310,2118,102,"2025-06-21","MnDNR","from MNTaxa"
311,2120,102,"2025-06-21","MnDNR","from MNTaxa"
312,2121,102,"2025-06-21","MnDNR","from MNTaxa"
313,2137,102,"2025-06-21","MnDNR","from MNTaxa"
314,2139,102,"2025-06-21","MnDNR","from MNTaxa"
315,2148,102,"2025-06-21","MnDNR","from MNTaxa"
316,2150,102,"2025-06-21","MnDNR","from MNTaxa"
317,2156,102,"2025-06-21","MnDNR","from MNTaxa"
318,2158,102,"2025-06-21","MnDNR","from MNTaxa"
319,2168,102,"2025-06-21","MnDNR","from MNTaxa"
320,2170,102,"2025-06-21","MnDNR","from MNTaxa"
321,2176,102,"2025-06-21","MnDNR","from MNTaxa"
322,2181,102,"2025-06-21","MnDNR","from MNTaxa"
323,2184,102,"2025-06-21","MnDNR","from MNTaxa"
324,2189,102,"2025-06-21","MnDNR","from MNTaxa"
325,2194,102,"2025-06-21","MnDNR","from MNTaxa"
326,2196,102,"2025-06-21","MnDNR","from MNTaxa"
327,2200,102,"2025-06-21","MnDNR","from MNTaxa"
328,2202,102,"2025-06-21","MnDNR","from MNTaxa"
329,2203,102,"2025-06-21","MnDNR","from MNTaxa"
330,2209,102,"2025-06-21","MnDNR","from MNTaxa"
331,2210,102,"2025-06-21","MnDNR","from MNTaxa"
332,2213,102,"2025-06-21","MnDNR","from MNTaxa"
333,2215,102,"2025-06-21","MnDNR","from MNTaxa"
334,2216,102,"2025-06-21","MnDNR","from MNTaxa"
335,2219,102,"2025-06-21","MnDNR","from MNTaxa"
336,2225,102,"2025-06-21","MnDNR","from MNTaxa"
337,2229,102,"2025-06-21","MnDNR","from MNTaxa"
338,2231,102,"2025-06-21","MnDNR","from MNTaxa"
339,2235,102,"2025-06-21","MnDNR","from MNTaxa"
340,2245,102,"2025-06-21","MnDNR","from MNTaxa"
341,2249,102,"2025-06-21","MnDNR","from MNTaxa"
342,2250,102,"2025-06-21","MnDNR","from MNTaxa"
343,2251,102,"2025-06-21","MnDNR","from MNTaxa"
344,2252,102,"2025-06-21","MnDNR","from MNTaxa"
345,2254,102,"2025-06-21","MnDNR","from MNTaxa"
346,2255,102,"2025-06-21","MnDNR","from MNTaxa"
347,2261,102,"2025-06-21","MnDNR","from MNTaxa"
348,2268,102,"2025-06-21","MnDNR","from MNTaxa"
349,2267,102,"2025-06-21","MnDNR","from MNTaxa"
350,2270,102,"2025-06-21","MnDNR","from MNTaxa"
351,2277,102,"2025-06-21","MnDNR","from MNTaxa"
352,2275,102,"2025-06-21","MnDNR","from MNTaxa"
353,2286,102,"2025-06-21","MnDNR","from MNTaxa"
354,2283,102,"2025-06-21","MnDNR","from MNTaxa"
355,2285,102,"2025-06-21","MnDNR","from MNTaxa"
356,2299,102,"2025-06-21","MnDNR","from MNTaxa"
357,2298,102,"2025-06-21","MnDNR","from MNTaxa"
358,2302,102,"2025-06-21","MnDNR","from MNTaxa"
359,2303,102,"2025-06-21","MnDNR","from MNTaxa"
360,2305,102,"2025-06-21","MnDNR","from MNTaxa"
361,2310,102,"2025-06-21","MnDNR","from MNTaxa"
362,2318,102,"2025-06-21","MnDNR","from MNTaxa"
363,2322,102,"2025-06-21","MnDNR","from MNTaxa"
364,2319,102,"2025-06-21","MnDNR","from MNTaxa"
365,2323,102,"2025-06-21","MnDNR","from MNTaxa"
366,2324,102,"2025-06-21","MnDNR","from MNTaxa"
367,2331,102,"2025-06-21","MnDNR","from MNTaxa"
368,2338,102,"2025-06-21","MnDNR","from MNTaxa"
369,2339,102,"2025-06-21","MnDNR","from MNTaxa"
370,2341,102,"2025-06-21","MnDNR","from MNTaxa"
371,2340,102,"2025-06-21","MnDNR","from MNTaxa"
372,2351,102,"2025-06-21","MnDNR","from MNTaxa"
373,2352,102,"2025-06-21","MnDNR","from MNTaxa"
374,2356,102,"2025-06-21","MnDNR","from MNTaxa"
375,2353,102,"2025-06-21","MnDNR","from MNTaxa"
376,2361,102,"2025-06-21","MnDNR","from MNTaxa"
377,2362,102,"2025-06-21","MnDNR","from MNTaxa"
378,2364,102,"2025-06-21","MnDNR","from MNTaxa"
379,2367,102,"2025-06-21","MnDNR","from MNTaxa"
380,2373,102,"2025-06-21","MnDNR","from MNTaxa"
381,2375,102,"2025-06-21","MnDNR","from MNTaxa"
382,2376,102,"2025-06-21","MnDNR","from MNTaxa"
383,2381,102,"2025-06-21","MnDNR","from MNTaxa"
384,2380,102,"2025-06-21","MnDNR","from MNTaxa"
385,2382,102,"2025-06-21","MnDNR","from MNTaxa"
386,2388,102,"2025-06-21","MnDNR","from MNTaxa"
387,2389,102,"2025-06-21","MnDNR","from MNTaxa"
388,2396,102,"2025-06-21","MnDNR","from MNTaxa"
389,2398,102,"2025-06-21","MnDNR","from MNTaxa"
390,2403,102,"2025-06-21","MnDNR","from MNTaxa"
391,2402,102,"2025-06-21","MnDNR","from MNTaxa"
392,2407,102,"2025-06-21","MnDNR","from MNTaxa"
393,2408,102,"2025-06-21","MnDNR","from MNTaxa"
394,2424,102,"2025-06-21","MnDNR","from MNTaxa"
395,2423,102,"2025-06-21","MnDNR","from MNTaxa"
396,2429,102,"2025-06-21","MnDNR","from MNTaxa"
397,2427,102,"2025-06-21","MnDNR","from MNTaxa"
398,2428,102,"2025-06-21","MnDNR","from MNTaxa"
399,2432,102,"2025-06-21","MnDNR","from MNTaxa"
400,2430,102,"2025-06-21","MnDNR","from MNTaxa"
401,2434,102,"2025-06-21","MnDNR","from MNTaxa"
402,2439,102,"2025-06-21","MnDNR","from MNTaxa"
403,2441,102,"2025-06-21","MnDNR","from MNTaxa"
404,2444,102,"2025-06-21","MnDNR","from MNTaxa"
405,2451,102,"2025-06-21","MnDNR","from MNTaxa"
406,2465,102,"2025-06-21","MnDNR","from MNTaxa"
407,2461,102,"2025-06-21","MnDNR","from MNTaxa"
408,2462,102,"2025-06-21","MnDNR","from MNTaxa"
409,2464,102,"2025-06-21","MnDNR","from MNTaxa"
410,2466,102,"2025-06-21","MnDNR","from MNTaxa"
411,2474,102,"2025-06-21","MnDNR","from MNTaxa"
412,2477,102,"2025-06-21","MnDNR","from MNTaxa"
413,2479,102,"2025-06-21","MnDNR","from MNTaxa"
414,2480,102,"2025-06-21","MnDNR","from MNTaxa"
415,2482,102,"2025-06-21","MnDNR","from MNTaxa"
416,2485,102,"2025-06-21","MnDNR","from MNTaxa"
417,2486,102,"2025-06-21","MnDNR","from MNTaxa"
418,2487,102,"2025-06-21","MnDNR","from MNTaxa"
419,2488,102,"2025-06-21","MnDNR","from MNTaxa"
420,2489,102,"2025-06-21","MnDNR","from MNTaxa"
421,2493,102,"2025-06-21","MnDNR","from MNTaxa"
422,2497,102,"2025-06-21","MnDNR","from MNTaxa"
423,2498,102,"2025-06-21","MnDNR","from MNTaxa"
424,2499,102,"2025-06-21","MnDNR","from MNTaxa"
425,2502,102,"2025-06-21","MnDNR","from MNTaxa"
426,2503,102,"2025-06-21","MnDNR","from MNTaxa"
427,2506,102,"2025-06-21","MnDNR","from MNTaxa"
428,2509,102,"2025-06-21","MnDNR","from MNTaxa"
429,2514,102,"2025-06-21","MnDNR","from MNTaxa"
430,2520,102,"2025-06-21","MnDNR","from MNTaxa"
431,2522,102,"2025-06-21","MnDNR","from MNTaxa"
432,2521,102,"2025-06-21","MnDNR","from MNTaxa"
433,2523,102,"2025-06-21","MnDNR","from MNTaxa"
434,2524,102,"2025-06-21","MnDNR","from MNTaxa"
435,2533,102,"2025-06-21","MnDNR","from MNTaxa"
436,2530,102,"2025-06-21","MnDNR","from MNTaxa"
437,2531,102,"2025-06-21","MnDNR","from MNTaxa"
438,2536,102,"2025-06-21","MnDNR","from MNTaxa"
439,2537,102,"2025-06-21","MnDNR","from MNTaxa"
440,2541,102,"2025-06-21","MnDNR","from MNTaxa"
441,2542,102,"2025-06-21","MnDNR","from MNTaxa"
442,2558,102,"2025-06-21","MnDNR","from MNTaxa"
443,2567,102,"2025-06-21","MnDNR","from MNTaxa"
444,2570,102,"2025-06-21","MnDNR","from MNTaxa"
445,2573,102,"2025-06-21","MnDNR","from MNTaxa"
446,2575,102,"2025-06-21","MnDNR","from MNTaxa"
447,2576,102,"2025-06-21","MnDNR","from MNTaxa"
448,2581,102,"2025-06-21","MnDNR","from MNTaxa"
449,2582,102,"2025-06-21","MnDNR","from MNTaxa"
450,2588,102,"2025-06-21","MnDNR","from MNTaxa"
451,2587,102,"2025-06-21","MnDNR","from MNTaxa"
452,2591,102,"2025-06-21","MnDNR","from MNTaxa"
453,2598,102,"2025-06-21","MnDNR","from MNTaxa"
454,2605,102,"2025-06-21","MnDNR","from MNTaxa"
455,2612,102,"2025-06-21","MnDNR","from MNTaxa"
456,2618,102,"2025-06-21","MnDNR","from MNTaxa"
457,2620,102,"2025-06-21","MnDNR","from MNTaxa"
458,2632,102,"2025-06-21","MnDNR","from MNTaxa"
459,2633,102,"2025-06-21","MnDNR","from MNTaxa"
460,2635,102,"2025-06-21","MnDNR","from MNTaxa"
461,2644,102,"2025-06-21","MnDNR","from MNTaxa"
462,2653,102,"2025-06-21","MnDNR","from MNTaxa"
463,2654,102,"2025-06-21","MnDNR","from MNTaxa"
464,2657,102,"2025-06-21","MnDNR","from MNTaxa"
465,2658,102,"2025-06-21","MnDNR","from MNTaxa"
466,2667,102,"2025-06-21","MnDNR","from MNTaxa"
467,2678,102,"2025-06-21","MnDNR","from MNTaxa"
468,2679,102,"2025-06-21","MnDNR","from MNTaxa"
469,2680,102,"2025-06-21","MnDNR","from MNTaxa"
470,2681,102,"2025-06-21","MnDNR","from MNTaxa"
471,2688,102,"2025-06-21","MnDNR","from MNTaxa"
472,2691,102,"2025-06-21","MnDNR","from MNTaxa"
473,2692,102,"2025-06-21","MnDNR","from MNTaxa"
474,2693,102,"2025-06-21","MnDNR","from MNTaxa"
475,2694,102,"2025-06-21","MnDNR","from MNTaxa"
476,2695,102,"2025-06-21","MnDNR","from MNTaxa"
477,2696,102,"2025-06-21","MnDNR","from MNTaxa"
478,2699,102,"2025-06-21","MnDNR","from MNTaxa"
479,2701,102,"2025-06-21","MnDNR","from MNTaxa"
480,2704,102,"2025-06-21","MnDNR","from MNTaxa"
481,2707,102,"2025-06-21","MnDNR","from MNTaxa"
482,2711,102,"2025-06-21","MnDNR","from MNTaxa"
483,2718,102,"2025-06-21","MnDNR","from MNTaxa"
484,2719,102,"2025-06-21","MnDNR","from MNTaxa"
485,2720,102,"2025-06-21","MnDNR","from MNTaxa"
486,2721,102,"2025-06-21","MnDNR","from MNTaxa"
487,2723,102,"2025-06-21","MnDNR","from MNTaxa"
488,2726,102,"2025-06-21","MnDNR","from MNTaxa"
489,2727,102,"2025-06-21","MnDNR","from MNTaxa"
490,2734,102,"2025-06-21","MnDNR","from MNTaxa"
491,2739,102,"2025-06-21","MnDNR","from MNTaxa"
492,2736,102,"2025-06-21","MnDNR","from MNTaxa"
493,2737,102,"2025-06-21","MnDNR","from MNTaxa"
494,2740,102,"2025-06-21","MnDNR","from MNTaxa"
495,2741,102,"2025-06-21","MnDNR","from MNTaxa"
496,2746,102,"2025-06-21","MnDNR","from MNTaxa"
497,2749,102,"2025-06-21","MnDNR","from MNTaxa"
498,2751,102,"2025-06-21","MnDNR","from MNTaxa"
499,2759,102,"2025-06-21","MnDNR","from MNTaxa"
500,2761,102,"2025-06-21","MnDNR","from MNTaxa"
501,2771,102,"2025-06-21","MnDNR","from MNTaxa"
502,2769,102,"2025-06-21","MnDNR","from MNTaxa"
503,2773,102,"2025-06-21","MnDNR","from MNTaxa"
504,2783,102,"2025-06-21","MnDNR","from MNTaxa"
505,2791,102,"2025-06-21","MnDNR","from MNTaxa"
506,2786,102,"2025-06-21","MnDNR","from MNTaxa"
507,2787,102,"2025-06-21","MnDNR","from MNTaxa"
508,2795,102,"2025-06-21","MnDNR","from MNTaxa"
509,2796,102,"2025-06-21","MnDNR","from MNTaxa"
510,2798,102,"2025-06-21","MnDNR","from MNTaxa"
511,2799,102,"2025-06-21","MnDNR","from MNTaxa"
512,2807,102,"2025-06-21","MnDNR","from MNTaxa"
513,2808,102,"2025-06-21","MnDNR","from MNTaxa"
514,2810,102,"2025-06-21","MnDNR","from MNTaxa"
515,2813,102,"2025-06-21","MnDNR","from MNTaxa"
516,2817,102,"2025-06-21","MnDNR","from MNTaxa"
517,2822,102,"2025-06-21","MnDNR","from MNTaxa"
518,2829,102,"2025-06-21","MnDNR","from MNTaxa"
519,2830,102,"2025-06-21","MnDNR","from MNTaxa"
520,2831,102,"2025-06-21","MnDNR","from MNTaxa"
521,2839,102,"2025-06-21","MnDNR","from MNTaxa"
522,2849,102,"2025-06-21","MnDNR","from MNTaxa"
523,2851,102,"2025-06-21","MnDNR","from MNTaxa"
524,2855,102,"2025-06-21","MnDNR","from MNTaxa"
525,2859,102,"2025-06-21","MnDNR","from MNTaxa"
526,2875,102,"2025-06-21","MnDNR","from MNTaxa"
527,2876,102,"2025-06-21","MnDNR","from MNTaxa"
528,2882,102,"2025-06-21","MnDNR","from MNTaxa"
529,2883,102,"2025-06-21","MnDNR","from MNTaxa"
530,2884,102,"2025-06-21","MnDNR","from MNTaxa"
531,2888,102,"2025-06-21","MnDNR","from MNTaxa"
532,2889,102,"2025-06-21","MnDNR","from MNTaxa"
533,2893,102,"2025-06-21","MnDNR","from MNTaxa"
534,2901,102,"2025-06-21","MnDNR","from MNTaxa"
535,2898,102,"2025-06-21","MnDNR","from MNTaxa"
536,2904,102,"2025-06-21","MnDNR","from MNTaxa"
537,2905,102,"2025-06-21","MnDNR","from MNTaxa"
538,2918,102,"2025-06-21","MnDNR","from MNTaxa"
539,2906,102,"2025-06-21","MnDNR","from MNTaxa"
540,2907,102,"2025-06-21","MnDNR","from MNTaxa"
541,2909,102,"2025-06-21","MnDNR","from MNTaxa"
542,2912,102,"2025-06-21","MnDNR","from MNTaxa"
543,2916,102,"2025-06-21","MnDNR","from MNTaxa"
544,2919,102,"2025-06-21","MnDNR","from MNTaxa"
545,2922,102,"2025-06-21","MnDNR","from MNTaxa"
546,2924,102,"2025-06-21","MnDNR","from MNTaxa"
547,2927,102,"2025-06-21","MnDNR","from MNTaxa"
548,2928,102,"2025-06-21","MnDNR","from MNTaxa"
549,2929,102,"2025-06-21","MnDNR","from MNTaxa"
550,2931,102,"2025-06-21","MnDNR","from MNTaxa"
551,2932,102,"2025-06-21","MnDNR","from MNTaxa"
552,2935,102,"2025-06-21","MnDNR","from MNTaxa"
553,2951,102,"2025-06-21","MnDNR","from MNTaxa"
554,2953,102,"2025-06-21","MnDNR","from MNTaxa"
555,2967,102,"2025-06-21","MnDNR","from MNTaxa"
556,2961,102,"2025-06-21","MnDNR","from MNTaxa"
557,2964,102,"2025-06-21","MnDNR","from MNTaxa"
558,2974,102,"2025-06-21","MnDNR","from MNTaxa"
559,2976,102,"2025-06-21","MnDNR","from MNTaxa"
560,2982,102,"2025-06-21","MnDNR","from MNTaxa"
561,2983,102,"2025-06-21","MnDNR","from MNTaxa"
562,2985,102,"2025-06-21","MnDNR","from MNTaxa"
563,2989,102,"2025-06-21","MnDNR","from MNTaxa"
564,2986,102,"2025-06-21","MnDNR","from MNTaxa"
565,2988,102,"2025-06-21","MnDNR","from MNTaxa"
566,3005,102,"2025-06-21","MnDNR","from MNTaxa"
567,3000,102,"2025-06-21","MnDNR","from MNTaxa"
568,3002,102,"2025-06-21","MnDNR","from MNTaxa"
569,3006,102,"2025-06-21","MnDNR","from MNTaxa"
570,3012,102,"2025-06-21","MnDNR","from MNTaxa"
571,3018,102,"2025-06-21","MnDNR","from MNTaxa"
572,3026,102,"2025-06-21","MnDNR","from MNTaxa"
573,3027,102,"2025-06-21","MnDNR","from MNTaxa"
574,3031,102,"2025-06-21","MnDNR","from MNTaxa"
575,3032,102,"2025-06-21","MnDNR","from MNTaxa"
576,3034,102,"2025-06-21","MnDNR","from MNTaxa"
577,3037,102,"2025-06-21","MnDNR","from MNTaxa"
578,3041,102,"2025-06-21","MnDNR","from MNTaxa"
579,3046,102,"2025-06-21","MnDNR","from MNTaxa"
580,3047,102,"2025-06-21","MnDNR","from MNTaxa"
581,3051,102,"2025-06-21","MnDNR","from MNTaxa"
582,3052,102,"2025-06-21","MnDNR","from MNTaxa"
583,3055,102,"2025-06-21","MnDNR","from MNTaxa"
584,3057,102,"2025-06-21","MnDNR","from MNTaxa"
585,3060,102,"2025-06-21","MnDNR","from MNTaxa"
586,3061,102,"2025-06-21","MnDNR","from MNTaxa"
587,3062,102,"2025-06-21","MnDNR","from MNTaxa"
588,3066,102,"2025-06-21","MnDNR","from MNTaxa"
589,3076,102,"2025-06-21","MnDNR","from MNTaxa"
590,3074,102,"2025-06-21","MnDNR","from MNTaxa"
591,3082,102,"2025-06-21","MnDNR","from MNTaxa"
592,3090,102,"2025-06-21","MnDNR","from MNTaxa"
593,3091,102,"2025-06-21","MnDNR","from MNTaxa"
594,3098,102,"2025-06-21","MnDNR","from MNTaxa"
595,3101,102,"2025-06-21","MnDNR","from MNTaxa"
596,3110,102,"2025-06-21","MnDNR","from MNTaxa"
597,3111,102,"2025-06-21","MnDNR","from MNTaxa"
598,3116,102,"2025-06-21","MnDNR","from MNTaxa"
599,3113,102,"2025-06-21","MnDNR","from MNTaxa"
600,3117,102,"2025-06-21","MnDNR","from MNTaxa"
601,3126,102,"2025-06-21","MnDNR","from MNTaxa"
602,3128,102,"2025-06-21","MnDNR","from MNTaxa"
603,3131,102,"2025-06-21","MnDNR","from MNTaxa"
604,3134,102,"2025-06-21","MnDNR","from MNTaxa"
605,3136,102,"2025-06-21","MnDNR","from MNTaxa"
606,3137,102,"2025-06-21","MnDNR","from MNTaxa"
607,3143,102,"2025-06-21","MnDNR","from MNTaxa"
608,3144,102,"2025-06-21","MnDNR","from MNTaxa"
609,3148,102,"2025-06-21","MnDNR","from MNTaxa"
610,3161,102,"2025-06-21","MnDNR","from MNTaxa"
611,3153,102,"2025-06-21","MnDNR","from MNTaxa"
612,3155,102,"2025-06-21","MnDNR","from MNTaxa"
613,3156,102,"2025-06-21","MnDNR","from MNTaxa"
614,3160,102,"2025-06-21","MnDNR","from MNTaxa"
615,3177,102,"2025-06-21","MnDNR","from MNTaxa"
616,3162,102,"2025-06-21","MnDNR","from MNTaxa"
617,3163,102,"2025-06-21","MnDNR","from MNTaxa"
618,3172,102,"2025-06-21","MnDNR","from MNTaxa"
619,3185,102,"2025-06-21","MnDNR","from MNTaxa"
620,3187,102,"2025-06-21","MnDNR","from MNTaxa"
621,3191,102,"2025-06-21","MnDNR","from MNTaxa"
622,3193,102,"2025-06-21","MnDNR","from MNTaxa"
623,3196,102,"2025-06-21","MnDNR","from MNTaxa"
624,3198,102,"2025-06-21","MnDNR","from MNTaxa"
625,3200,102,"2025-06-21","MnDNR","from MNTaxa"
626,3202,102,"2025-06-21","MnDNR","from MNTaxa"
627,3211,102,"2025-06-21","MnDNR","from MNTaxa"
628,3209,102,"2025-06-21","MnDNR","from MNTaxa"
629,3215,102,"2025-06-21","MnDNR","from MNTaxa"
630,3226,102,"2025-06-21","MnDNR","from MNTaxa"
631,3230,102,"2025-06-21","MnDNR","from MNTaxa"
632,3231,102,"2025-06-21","MnDNR","from MNTaxa"
633,3235,102,"2025-06-21","MnDNR","from MNTaxa"
634,3237,102,"2025-06-21","MnDNR","from MNTaxa"
635,3238,102,"2025-06-21","MnDNR","from MNTaxa"
636,3248,102,"2025-06-21","MnDNR","from MNTaxa"
637,3250,102,"2025-06-21","MnDNR","from MNTaxa"
638,3249,102,"2025-06-21","MnDNR","from MNTaxa"
639,3251,102,"2025-06-21","MnDNR","from MNTaxa"
640,3252,102,"2025-06-21","MnDNR","from MNTaxa"
641,3254,102,"2025-06-21","MnDNR","from MNTaxa"
642,3255,102,"2025-06-21","MnDNR","from MNTaxa"
643,3262,102,"2025-06-21","MnDNR","from MNTaxa"
644,3264,102,"2025-06-21","MnDNR","from MNTaxa"
645,3265,102,"2025-06-21","MnDNR","from MNTaxa"
646,3267,102,"2025-06-21","MnDNR","from MNTaxa"
647,3269,102,"2025-06-21","MnDNR","from MNTaxa"
648,3273,102,"2025-06-21","MnDNR","from MNTaxa"
649,3270,102,"2025-06-21","MnDNR","from MNTaxa"
650,3278,102,"2025-06-21","MnDNR","from MNTaxa"
651,3279,102,"2025-06-21","MnDNR","from MNTaxa"
652,3285,102,"2025-06-21","MnDNR","from MNTaxa"
653,3287,102,"2025-06-21","MnDNR","from MNTaxa"
654,3298,102,"2025-06-21","MnDNR","from MNTaxa"
655,3300,102,"2025-06-21","MnDNR","from MNTaxa"
656,3301,102,"2025-06-21","MnDNR","from MNTaxa"
657,3305,102,"2025-06-21","MnDNR","from MNTaxa"
658,3303,102,"2025-06-21","MnDNR","from MNTaxa"
659,3307,102,"2025-06-21","MnDNR","from MNTaxa"
660,3310,102,"2025-06-21","MnDNR","from MNTaxa"
661,3311,102,"2025-06-21","MnDNR","from MNTaxa"
662,3318,102,"2025-06-21","MnDNR","from MNTaxa"
663,3322,102,"2025-06-21","MnDNR","from MNTaxa"
664,3342,102,"2025-06-21","MnDNR","from MNTaxa"
665,3326,102,"2025-06-21","MnDNR","from MNTaxa"
666,3330,102,"2025-06-21","MnDNR","from MNTaxa"
667,3333,102,"2025-06-21","MnDNR","from MNTaxa"
668,3336,102,"2025-06-21","MnDNR","from MNTaxa"
669,3339,102,"2025-06-21","MnDNR","from MNTaxa"
670,3344,102,"2025-06-21","MnDNR","from MNTaxa"
671,3349,102,"2025-06-21","MnDNR","from MNTaxa"
672,3350,102,"2025-06-21","MnDNR","from MNTaxa"
673,3362,102,"2025-06-21","MnDNR","from MNTaxa"
674,3365,102,"2025-06-21","MnDNR","from MNTaxa"
675,3366,102,"2025-06-21","MnDNR","from MNTaxa"
676,3367,102,"2025-06-21","MnDNR","from MNTaxa"
677,3372,102,"2025-06-21","MnDNR","from MNTaxa"
678,3373,102,"2025-06-21","MnDNR","from MNTaxa"
679,1013,103,"2025-06-21","MnDNR","from MNTaxa"
680,1014,103,"2025-06-21","MnDNR","from MNTaxa"
681,1019,103,"2025-06-21","MnDNR","from MNTaxa"
682,1020,103,"2025-06-21","MnDNR","from MNTaxa"
683,1035,103,"2025-06-21","MnDNR","from MNTaxa"
684,1041,103,"2025-06-21","MnDNR","from MNTaxa"
685,1049,103,"2025-06-21","MnDNR","from MNTaxa"
686,1063,103,"2025-06-21","MnDNR","from MNTaxa"
687,1059,103,"2025-06-21","MnDNR","from MNTaxa"
688,1061,103,"2025-06-21","MnDNR","from MNTaxa"
689,1066,103,"2025-06-21","MnDNR","from MNTaxa"
690,1074,103,"2025-06-21","MnDNR","from MNTaxa"
691,1081,103,"2025-06-21","MnDNR","from MNTaxa"
692,1096,103,"2025-06-21","MnDNR","from MNTaxa"
693,1098,103,"2025-06-21","MnDNR","from MNTaxa"
694,1099,103,"2025-06-21","MnDNR","from MNTaxa"
695,1105,103,"2025-06-21","MnDNR","from MNTaxa"
696,1109,103,"2025-06-21","MnDNR","from MNTaxa"
697,1110,103,"2025-06-21","MnDNR","from MNTaxa"
698,1111,103,"2025-06-21","MnDNR","from MNTaxa"
699,1113,103,"2025-06-21","MnDNR","from MNTaxa"
700,1115,103,"2025-06-21","MnDNR","from MNTaxa"
701,1116,103,"2025-06-21","MnDNR","from MNTaxa"
702,1126,103,"2025-06-21","MnDNR","from MNTaxa"
703,1140,103,"2025-06-21","MnDNR","from MNTaxa"
704,1139,103,"2025-06-21","MnDNR","from MNTaxa"
705,1141,103,"2025-06-21","MnDNR","from MNTaxa"
706,1145,103,"2025-06-21","MnDNR","from MNTaxa"
707,1146,103,"2025-06-21","MnDNR","from MNTaxa"
708,1149,103,"2025-06-21","MnDNR","from MNTaxa"
709,1156,103,"2025-06-21","MnDNR","from MNTaxa"
710,1169,103,"2025-06-21","MnDNR","from MNTaxa"
711,1171,103,"2025-06-21","MnDNR","from MNTaxa"
712,1172,103,"2025-06-21","MnDNR","from MNTaxa"
713,1173,103,"2025-06-21","MnDNR","from MNTaxa"
714,1180,103,"2025-06-21","MnDNR","from MNTaxa"
715,1186,103,"2025-06-21","MnDNR","from MNTaxa"
716,1188,103,"2025-06-21","MnDNR","from MNTaxa"
717,1206,103,"2025-06-21","MnDNR","from MNTaxa"
718,1196,103,"2025-06-21","MnDNR","from MNTaxa"
719,1198,103,"2025-06-21","MnDNR","from MNTaxa"
720,1200,103,"2025-06-21","MnDNR","from MNTaxa"
721,1201,103,"2025-06-21","MnDNR","from MNTaxa"
722,1207,103,"2025-06-21","MnDNR","from MNTaxa"
723,1223,103,"2025-06-21","MnDNR","from MNTaxa"
724,1241,103,"2025-06-21","MnDNR","from MNTaxa"
725,1255,103,"2025-06-21","MnDNR","from MNTaxa"
726,1275,103,"2025-06-21","MnDNR","from MNTaxa"
727,1286,103,"2025-06-21","MnDNR","from MNTaxa"
728,1287,103,"2025-06-21","MnDNR","from MNTaxa"
729,1290,103,"2025-06-21","MnDNR","from MNTaxa"
730,1302,103,"2025-06-21","MnDNR","from MNTaxa"
731,1306,103,"2025-06-21","MnDNR","from MNTaxa"
732,1317,103,"2025-06-21","MnDNR","from MNTaxa"
733,1328,103,"2025-06-21","MnDNR","from MNTaxa"
734,1342,103,"2025-06-21","MnDNR","from MNTaxa"
735,1346,103,"2025-06-21","MnDNR","from MNTaxa"
736,1355,103,"2025-06-21","MnDNR","from MNTaxa"
737,1353,103,"2025-06-21","MnDNR","from MNTaxa"
738,1356,103,"2025-06-21","MnDNR","from MNTaxa"
739,1357,103,"2025-06-21","MnDNR","from MNTaxa"
740,1385,103,"2025-06-21","MnDNR","from MNTaxa"
741,1391,103,"2025-06-21","MnDNR","from MNTaxa"
742,1406,103,"2025-06-21","MnDNR","from MNTaxa"
743,1407,103,"2025-06-21","MnDNR","from MNTaxa"
744,1418,103,"2025-06-21","MnDNR","from MNTaxa"
745,1420,103,"2025-06-21","MnDNR","from MNTaxa"
746,1423,103,"2025-06-21","MnDNR","from MNTaxa"
747,1441,103,"2025-06-21","MnDNR","from MNTaxa"
748,1453,103,"2025-06-21","MnDNR","from MNTaxa"
749,1454,103,"2025-06-21","MnDNR","from MNTaxa"
750,1455,103,"2025-06-21","MnDNR","from MNTaxa"
751,1461,103,"2025-06-21","MnDNR","from MNTaxa"
752,1465,103,"2025-06-21","MnDNR","from MNTaxa"
753,1468,103,"2025-06-21","MnDNR","from MNTaxa"
754,1474,103,"2025-06-21","MnDNR","from MNTaxa"
755,1476,103,"2025-06-21","MnDNR","from MNTaxa"
756,1480,103,"2025-06-21","MnDNR","from MNTaxa"
757,1483,103,"2025-06-21","MnDNR","from MNTaxa"
758,1494,103,"2025-06-21","MnDNR","from MNTaxa"
759,1498,103,"2025-06-21","MnDNR","from MNTaxa"
760,1511,103,"2025-06-21","MnDNR","from MNTaxa"
761,1515,103,"2025-06-21","MnDNR","from MNTaxa"
762,1516,103,"2025-06-21","MnDNR","from MNTaxa"
763,1533,103,"2025-06-21","MnDNR","from MNTaxa"
764,1559,103,"2025-06-21","MnDNR","from MNTaxa"
765,1549,103,"2025-06-21","MnDNR","from MNTaxa"
766,1557,103,"2025-06-21","MnDNR","from MNTaxa"
767,1558,103,"2025-06-21","MnDNR","from MNTaxa"
768,1567,103,"2025-06-21","MnDNR","from MNTaxa"
769,1564,103,"2025-06-21","MnDNR","from MNTaxa"
770,1568,103,"2025-06-21","MnDNR","from MNTaxa"
771,1573,103,"2025-06-21","MnDNR","from MNTaxa"
772,1574,103,"2025-06-21","MnDNR","from MNTaxa"
773,1575,103,"2025-06-21","MnDNR","from MNTaxa"
774,1580,103,"2025-06-21","MnDNR","from MNTaxa"
775,1577,103,"2025-06-21","MnDNR","from MNTaxa"
776,1581,103,"2025-06-21","MnDNR","from MNTaxa"
777,1586,103,"2025-06-21","MnDNR","from MNTaxa"
778,1591,103,"2025-06-21","MnDNR","from MNTaxa"
779,1599,103,"2025-06-21","MnDNR","from MNTaxa"
780,1601,103,"2025-06-21","MnDNR","from MNTaxa"
781,1610,103,"2025-06-21","MnDNR","from MNTaxa"
782,1618,103,"2025-06-21","MnDNR","from MNTaxa"
783,1621,103,"2025-06-21","MnDNR","from MNTaxa"
784,1627,103,"2025-06-21","MnDNR","from MNTaxa"
785,1631,103,"2025-06-21","MnDNR","from MNTaxa"
786,1657,103,"2025-06-21","MnDNR","from MNTaxa"
787,1692,103,"2025-06-21","MnDNR","from MNTaxa"
788,1693,103,"2025-06-21","MnDNR","from MNTaxa"
789,1712,103,"2025-06-21","MnDNR","from MNTaxa"
790,1707,103,"2025-06-21","MnDNR","from MNTaxa"
791,1710,103,"2025-06-21","MnDNR","from MNTaxa"
792,1729,103,"2025-06-21","MnDNR","from MNTaxa"
793,1730,103,"2025-06-21","MnDNR","from MNTaxa"
794,1780,103,"2025-06-21","MnDNR","from MNTaxa"
795,1787,103,"2025-06-21","MnDNR","from MNTaxa"
796,1795,103,"2025-06-21","MnDNR","from MNTaxa"
797,1809,103,"2025-06-21","MnDNR","from MNTaxa"
798,1810,103,"2025-06-21","MnDNR","from MNTaxa"
799,1811,103,"2025-06-21","MnDNR","from MNTaxa"
800,1815,103,"2025-06-21","MnDNR","from MNTaxa"
801,1833,103,"2025-06-21","MnDNR","from MNTaxa"
802,1841,103,"2025-06-21","MnDNR","from MNTaxa"
803,1847,103,"2025-06-21","MnDNR","from MNTaxa"
804,1851,103,"2025-06-21","MnDNR","from MNTaxa"
805,1864,103,"2025-06-21","MnDNR","from MNTaxa"
806,1854,103,"2025-06-21","MnDNR","from MNTaxa"
807,1859,103,"2025-06-21","MnDNR","from MNTaxa"
808,1873,103,"2025-06-21","MnDNR","from MNTaxa"
809,1878,103,"2025-06-21","MnDNR","from MNTaxa"
810,1880,103,"2025-06-21","MnDNR","from MNTaxa"
811,1913,103,"2025-06-21","MnDNR","from MNTaxa"
812,1910,103,"2025-06-21","MnDNR","from MNTaxa"
813,1929,103,"2025-06-21","MnDNR","from MNTaxa"
814,1936,103,"2025-06-21","MnDNR","from MNTaxa"
815,1948,103,"2025-06-21","MnDNR","from MNTaxa"
816,1950,103,"2025-06-21","MnDNR","from MNTaxa"
817,1960,103,"2025-06-21","MnDNR","from MNTaxa"
818,1961,103,"2025-06-21","MnDNR","from MNTaxa"
819,1971,103,"2025-06-21","MnDNR","from MNTaxa"
820,1982,103,"2025-06-21","MnDNR","from MNTaxa"
821,1983,103,"2025-06-21","MnDNR","from MNTaxa"
822,1989,103,"2025-06-21","MnDNR","from MNTaxa"
823,2002,103,"2025-06-21","MnDNR","from MNTaxa"
824,2000,103,"2025-06-21","MnDNR","from MNTaxa"
825,2008,103,"2025-06-21","MnDNR","from MNTaxa"
826,2009,103,"2025-06-21","MnDNR","from MNTaxa"
827,2022,103,"2025-06-21","MnDNR","from MNTaxa"
828,2044,103,"2025-06-21","MnDNR","from MNTaxa"
829,2046,103,"2025-06-21","MnDNR","from MNTaxa"
830,2048,103,"2025-06-21","MnDNR","from MNTaxa"
831,2065,103,"2025-06-21","MnDNR","from MNTaxa"
832,2075,103,"2025-06-21","MnDNR","from MNTaxa"
833,2079,103,"2025-06-21","MnDNR","from MNTaxa"
834,2076,103,"2025-06-21","MnDNR","from MNTaxa"
835,2083,103,"2025-06-21","MnDNR","from MNTaxa"
836,2080,103,"2025-06-21","MnDNR","from MNTaxa"
837,2081,103,"2025-06-21","MnDNR","from MNTaxa"
838,2087,103,"2025-06-21","MnDNR","from MNTaxa"
839,2090,103,"2025-06-21","MnDNR","from MNTaxa"
840,2091,103,"2025-06-21","MnDNR","from MNTaxa"
841,2093,103,"2025-06-21","MnDNR","from MNTaxa"
842,2101,103,"2025-06-21","MnDNR","from MNTaxa"
843,2118,103,"2025-06-21","MnDNR","from MNTaxa"
844,2120,103,"2025-06-21","MnDNR","from MNTaxa"
845,2121,103,"2025-06-21","MnDNR","from MNTaxa"
846,2137,103,"2025-06-21","MnDNR","from MNTaxa"
847,2139,103,"2025-06-21","MnDNR","from MNTaxa"
848,2148,103,"2025-06-21","MnDNR","from MNTaxa"
849,2150,103,"2025-06-21","MnDNR","from MNTaxa"
850,2170,103,"2025-06-21","MnDNR","from MNTaxa"
851,2176,103,"2025-06-21","MnDNR","from MNTaxa"
852,2184,103,"2025-06-21","MnDNR","from MNTaxa"
853,2193,103,"2025-06-21","MnDNR","from MNTaxa"
854,2209,103,"2025-06-21","MnDNR","from MNTaxa"
855,2215,103,"2025-06-21","MnDNR","from MNTaxa"
856,2219,103,"2025-06-21","MnDNR","from MNTaxa"
857,2229,103,"2025-06-21","MnDNR","from MNTaxa"
858,2231,103,"2025-06-21","MnDNR","from MNTaxa"
859,2249,103,"2025-06-21","MnDNR","from MNTaxa"
860,2250,103,"2025-06-21","MnDNR","from MNTaxa"
861,2251,103,"2025-06-21","MnDNR","from MNTaxa"
862,2252,103,"2025-06-21","MnDNR","from MNTaxa"
863,2268,103,"2025-06-21","MnDNR","from MNTaxa"
864,2277,103,"2025-06-21","MnDNR","from MNTaxa"
865,2275,103,"2025-06-21","MnDNR","from MNTaxa"
866,2276,103,"2025-06-21","MnDNR","from MNTaxa"
867,2285,103,"2025-06-21","MnDNR","from MNTaxa"
868,2299,103,"2025-06-21","MnDNR","from MNTaxa"
869,2318,103,"2025-06-21","MnDNR","from MNTaxa"
870,2322,103,"2025-06-21","MnDNR","from MNTaxa"
871,2323,103,"2025-06-21","MnDNR","from MNTaxa"
872,2324,103,"2025-06-21","MnDNR","from MNTaxa"
873,2338,103,"2025-06-21","MnDNR","from MNTaxa"
874,2339,103,"2025-06-21","MnDNR","from MNTaxa"
875,2341,103,"2025-06-21","MnDNR","from MNTaxa"
876,2346,103,"2025-06-21","MnDNR","from MNTaxa"
877,2351,103,"2025-06-21","MnDNR","from MNTaxa"
878,2356,103,"2025-06-21","MnDNR","from MNTaxa"
879,2353,103,"2025-06-21","MnDNR","from MNTaxa"
880,2361,103,"2025-06-21","MnDNR","from MNTaxa"
881,2362,103,"2025-06-21","MnDNR","from MNTaxa"
882,2363,103,"2025-06-21","MnDNR","from MNTaxa"
883,2364,103,"2025-06-21","MnDNR","from MNTaxa"
884,2376,103,"2025-06-21","MnDNR","from MNTaxa"
885,2382,103,"2025-06-21","MnDNR","from MNTaxa"
886,2388,103,"2025-06-21","MnDNR","from MNTaxa"
887,2399,103,"2025-06-21","MnDNR","from MNTaxa"
888,2396,103,"2025-06-21","MnDNR","from MNTaxa"
889,2402,103,"2025-06-21","MnDNR","from MNTaxa"
890,2407,103,"2025-06-21","MnDNR","from MNTaxa"
891,2408,103,"2025-06-21","MnDNR","from MNTaxa"
892,2424,103,"2025-06-21","MnDNR","from MNTaxa"
893,2430,103,"2025-06-21","MnDNR","from MNTaxa"
894,2439,103,"2025-06-21","MnDNR","from MNTaxa"
895,2465,103,"2025-06-21","MnDNR","from MNTaxa"
896,2461,103,"2025-06-21","MnDNR","from MNTaxa"
897,2479,103,"2025-06-21","MnDNR","from MNTaxa"
898,2480,103,"2025-06-21","MnDNR","from MNTaxa"
899,2486,103,"2025-06-21","MnDNR","from MNTaxa"
900,2488,103,"2025-06-21","MnDNR","from MNTaxa"
901,2489,103,"2025-06-21","MnDNR","from MNTaxa"
902,2493,103,"2025-06-21","MnDNR","from MNTaxa"
903,2499,103,"2025-06-21","MnDNR","from MNTaxa"
904,2502,103,"2025-06-21","MnDNR","from MNTaxa"
905,2503,103,"2025-06-21","MnDNR","from MNTaxa"
906,2506,103,"2025-06-21","MnDNR","from MNTaxa"
907,2514,103,"2025-06-21","MnDNR","from MNTaxa"
908,2520,103,"2025-06-21","MnDNR","from MNTaxa"
909,2522,103,"2025-06-21","MnDNR","from MNTaxa"
910,2521,103,"2025-06-21","MnDNR","from MNTaxa"
911,2523,103,"2025-06-21","MnDNR","from MNTaxa"
912,2524,103,"2025-06-21","MnDNR","from MNTaxa"
913,2536,103,"2025-06-21","MnDNR","from MNTaxa"
914,2541,103,"2025-06-21","MnDNR","from MNTaxa"
915,2542,103,"2025-06-21","MnDNR","from MNTaxa"
916,2558,103,"2025-06-21","MnDNR","from MNTaxa"
917,2570,103,"2025-06-21","MnDNR","from MNTaxa"
918,2573,103,"2025-06-21","MnDNR","from MNTaxa"
919,2575,103,"2025-06-21","MnDNR","from MNTaxa"
920,2576,103,"2025-06-21","MnDNR","from MNTaxa"
921,2582,103,"2025-06-21","MnDNR","from MNTaxa"
922,2598,103,"2025-06-21","MnDNR","from MNTaxa"
923,2612,103,"2025-06-21","MnDNR","from MNTaxa"
924,2633,103,"2025-06-21","MnDNR","from MNTaxa"
925,2635,103,"2025-06-21","MnDNR","from MNTaxa"
926,2645,103,"2025-06-21","MnDNR","from MNTaxa"
927,2646,103,"2025-06-21","MnDNR","from MNTaxa"
928,2648,103,"2025-06-21","MnDNR","from MNTaxa"
929,2653,103,"2025-06-21","MnDNR","from MNTaxa"
930,2654,103,"2025-06-21","MnDNR","from MNTaxa"
931,2657,103,"2025-06-21","MnDNR","from MNTaxa"
932,2679,103,"2025-06-21","MnDNR","from MNTaxa"
933,2681,103,"2025-06-21","MnDNR","from MNTaxa"
934,2719,103,"2025-06-21","MnDNR","from MNTaxa"
935,2725,103,"2025-06-21","MnDNR","from MNTaxa"
936,2727,103,"2025-06-21","MnDNR","from MNTaxa"
937,2741,103,"2025-06-21","MnDNR","from MNTaxa"
938,2759,103,"2025-06-21","MnDNR","from MNTaxa"
939,2783,103,"2025-06-21","MnDNR","from MNTaxa"
940,2787,103,"2025-06-21","MnDNR","from MNTaxa"
941,2796,103,"2025-06-21","MnDNR","from MNTaxa"
942,2799,103,"2025-06-21","MnDNR","from MNTaxa"
943,2807,103,"2025-06-21","MnDNR","from MNTaxa"
944,2808,103,"2025-06-21","MnDNR","from MNTaxa"
945,2813,103,"2025-06-21","MnDNR","from MNTaxa"
946,2822,103,"2025-06-21","MnDNR","from MNTaxa"
947,2823,103,"2025-06-21","MnDNR","from MNTaxa"
948,2830,103,"2025-06-21","MnDNR","from MNTaxa"
949,2876,103,"2025-06-21","MnDNR","from MNTaxa"
950,2882,103,"2025-06-21","MnDNR","from MNTaxa"
951,2893,103,"2025-06-21","MnDNR","from MNTaxa"
952,2901,103,"2025-06-21","MnDNR","from MNTaxa"
953,2906,103,"2025-06-21","MnDNR","from MNTaxa"
954,2907,103,"2025-06-21","MnDNR","from MNTaxa"
955,2908,103,"2025-06-21","MnDNR","from MNTaxa"
956,2912,103,"2025-06-21","MnDNR","from MNTaxa"
957,2928,103,"2025-06-21","MnDNR","from MNTaxa"
958,2931,103,"2025-06-21","MnDNR","from MNTaxa"
959,2932,103,"2025-06-21","MnDNR","from MNTaxa"
960,2935,103,"2025-06-21","MnDNR","from MNTaxa"
961,2953,103,"2025-06-21","MnDNR","from MNTaxa"
962,2967,103,"2025-06-21","MnDNR","from MNTaxa"
963,2962,103,"2025-06-21","MnDNR","from MNTaxa"
964,2964,103,"2025-06-21","MnDNR","from MNTaxa"
965,2969,103,"2025-06-21","MnDNR","from MNTaxa"
966,2974,103,"2025-06-21","MnDNR","from MNTaxa"
967,2976,103,"2025-06-21","MnDNR","from MNTaxa"
968,2983,103,"2025-06-21","MnDNR","from MNTaxa"
969,2985,103,"2025-06-21","MnDNR","from MNTaxa"
970,2989,103,"2025-06-21","MnDNR","from MNTaxa"
971,3005,103,"2025-06-21","MnDNR","from MNTaxa"
972,3000,103,"2025-06-21","MnDNR","from MNTaxa"
973,3001,103,"2025-06-21","MnDNR","from MNTaxa"
974,3002,103,"2025-06-21","MnDNR","from MNTaxa"
975,3012,103,"2025-06-21","MnDNR","from MNTaxa"
976,3018,103,"2025-06-21","MnDNR","from MNTaxa"
977,3031,103,"2025-06-21","MnDNR","from MNTaxa"
978,3034,103,"2025-06-21","MnDNR","from MNTaxa"
979,3037,103,"2025-06-21","MnDNR","from MNTaxa"
980,3046,103,"2025-06-21","MnDNR","from MNTaxa"
981,3050,103,"2025-06-21","MnDNR","from MNTaxa"
982,3047,103,"2025-06-21","MnDNR","from MNTaxa"
983,3052,103,"2025-06-21","MnDNR","from MNTaxa"
984,3055,103,"2025-06-21","MnDNR","from MNTaxa"
985,3057,103,"2025-06-21","MnDNR","from MNTaxa"
986,3061,103,"2025-06-21","MnDNR","from MNTaxa"
987,3076,103,"2025-06-21","MnDNR","from MNTaxa"
988,3074,103,"2025-06-21","MnDNR","from MNTaxa"
989,3075,103,"2025-06-21","MnDNR","from MNTaxa"
990,3082,103,"2025-06-21","MnDNR","from MNTaxa"
991,3091,103,"2025-06-21","MnDNR","from MNTaxa"
992,3098,103,"2025-06-21","MnDNR","from MNTaxa"
993,3112,103,"2025-06-21","MnDNR","from MNTaxa"
994,3113,103,"2025-06-21","MnDNR","from MNTaxa"
995,3114,103,"2025-06-21","MnDNR","from MNTaxa"
996,3117,103,"2025-06-21","MnDNR","from MNTaxa"
997,3136,103,"2025-06-21","MnDNR","from MNTaxa"
998,3143,103,"2025-06-21","MnDNR","from MNTaxa"
999,3148,103,"2025-06-21","MnDNR","from MNTaxa"
1000,3161,103,"2025-06-21","MnDNR","from MNTaxa"
1001,3153,103,"2025-06-21","MnDNR","from MNTaxa"
1002,3155,103,"2025-06-21","MnDNR","from MNTaxa"
1003,3172,103,"2025-06-21","MnDNR","from MNTaxa"
1004,3184,103,"2025-06-21","MnDNR","from MNTaxa"
1005,3191,103,"2025-06-21","MnDNR","from MNTaxa"
1006,3193,103,"2025-06-21","MnDNR","from MNTaxa"
1007,3202,103,"2025-06-21","MnDNR","from MNTaxa"
1008,3211,103,"2025-06-21","MnDNR","from MNTaxa"
1009,3209,103,"2025-06-21","MnDNR","from MNTaxa"
1010,3214,103,"2025-06-21","MnDNR","from MNTaxa"
1011,3215,103,"2025-06-21","MnDNR","from MNTaxa"
1012,3232,103,"2025-06-21","MnDNR","from MNTaxa"
1013,3230,103,"2025-06-21","MnDNR","from MNTaxa"
1014,3235,103,"2025-06-21","MnDNR","from MNTaxa"
1015,3248,103,"2025-06-21","MnDNR","from MNTaxa"
1016,3250,103,"2025-06-21","MnDNR","from MNTaxa"
1017,3251,103,"2025-06-21","MnDNR","from MNTaxa"
1018,3252,103,"2025-06-21","MnDNR","from MNTaxa"
1019,3254,103,"2025-06-21","MnDNR","from MNTaxa"
1020,3255,103,"2025-06-21","MnDNR","from MNTaxa"
1021,3262,103,"2025-06-21","MnDNR","from MNTaxa"
1022,3264,103,"2025-06-21","MnDNR","from MNTaxa"
1023,3278,103,"2025-06-21","MnDNR","from MNTaxa"
1024,3279,103,"2025-06-21","MnDNR","from MNTaxa"
1025,3285,103,"2025-06-21","MnDNR","from MNTaxa"
1026,3307,103,"2025-06-21","MnDNR","from MNTaxa"
1027,3322,103,"2025-06-21","MnDNR","from MNTaxa"
1028,3326,103,"2025-06-21","MnDNR","from MNTaxa"
1029,3330,103,"2025-06-21","MnDNR","from MNTaxa"
1030,3344,103,"2025-06-21","MnDNR","from MNTaxa"
1031,3366,103,"2025-06-21","MnDNR","from MNTaxa"
1032,3367,103,"2025-06-21","MnDNR","from MNTaxa"
1033,3372,103,"2025-06-21","MnDNR","from MNTaxa"
1034,3373,103,"2025-06-21","MnDNR","from MNTaxa"
1035,1004,104,"2025-06-21","MnDNR","from MNTaxa"
1036,1013,104,"2025-06-21","MnDNR","from MNTaxa"
1037,1009,104,"2025-06-21","MnDNR","from MNTaxa"
1038,1010,104,"2025-06-21","MnDNR","from MNTaxa"
1039,1011,104,"2025-06-21","MnDNR","from MNTaxa"
1040,1014,104,"2025-06-21","MnDNR","from MNTaxa"
1041,1019,104,"2025-06-21","MnDNR","from MNTaxa"
1042,1020,104,"2025-06-21","MnDNR","from MNTaxa"
1043,1031,104,"2025-06-21","MnDNR","from MNTaxa"
1044,1030,104,"2025-06-21","MnDNR","from MNTaxa"
1045,1034,104,"2025-06-21","MnDNR","from MNTaxa"
1046,1033,104,"2025-06-21","MnDNR","from MNTaxa"
1047,1035,104,"2025-06-21","MnDNR","from MNTaxa"
1048,1037,104,"2025-06-21","MnDNR","from MNTaxa"
1049,1038,104,"2025-06-21","MnDNR","from MNTaxa"
1050,1039,104,"2025-06-21","MnDNR","from MNTaxa"
1051,1042,104,"2025-06-21","MnDNR","from MNTaxa"
1052,1041,104,"2025-06-21","MnDNR","from MNTaxa"
1053,1049,104,"2025-06-21","MnDNR","from MNTaxa"
1054,1047,104,"2025-06-21","MnDNR","from MNTaxa"
1055,1048,104,"2025-06-21","MnDNR","from MNTaxa"
1056,1051,104,"2025-06-21","MnDNR","from MNTaxa"
1057,1053,104,"2025-06-21","MnDNR","from MNTaxa"
1058,1063,104,"2025-06-21","MnDNR","from MNTaxa"
1059,1059,104,"2025-06-21","MnDNR","from MNTaxa"
1060,1061,104,"2025-06-21","MnDNR","from MNTaxa"
1061,1073,104,"2025-06-21","MnDNR","from MNTaxa"
1062,1081,104,"2025-06-21","MnDNR","from MNTaxa"
1063,1083,104,"2025-06-21","MnDNR","from MNTaxa"
1064,1082,104,"2025-06-21","MnDNR","from MNTaxa"
1065,1084,104,"2025-06-21","MnDNR","from MNTaxa"
1066,1086,104,"2025-06-21","MnDNR","from MNTaxa"
1067,1096,104,"2025-06-21","MnDNR","from MNTaxa"
1068,1097,104,"2025-06-21","MnDNR","from MNTaxa"
1069,1098,104,"2025-06-21","MnDNR","from MNTaxa"
1070,1099,104,"2025-06-21","MnDNR","from MNTaxa"
1071,1105,104,"2025-06-21","MnDNR","from MNTaxa"
1072,1109,104,"2025-06-21","MnDNR","from MNTaxa"
1073,1111,104,"2025-06-21","MnDNR","from MNTaxa"
1074,1113,104,"2025-06-21","MnDNR","from MNTaxa"
1075,1114,104,"2025-06-21","MnDNR","from MNTaxa"
1076,1115,104,"2025-06-21","MnDNR","from MNTaxa"
1077,1116,104,"2025-06-21","MnDNR","from MNTaxa"
1078,1118,104,"2025-06-21","MnDNR","from MNTaxa"
1079,1126,104,"2025-06-21","MnDNR","from MNTaxa"
1080,1127,104,"2025-06-21","MnDNR","from MNTaxa"
1081,1128,104,"2025-06-21","MnDNR","from MNTaxa"
1082,1131,104,"2025-06-21","MnDNR","from MNTaxa"
1083,1134,104,"2025-06-21","MnDNR","from MNTaxa"
1084,1140,104,"2025-06-21","MnDNR","from MNTaxa"
1085,1139,104,"2025-06-21","MnDNR","from MNTaxa"
1086,1141,104,"2025-06-21","MnDNR","from MNTaxa"
1087,1144,104,"2025-06-21","MnDNR","from MNTaxa"
1088,1145,104,"2025-06-21","MnDNR","from MNTaxa"
1089,1146,104,"2025-06-21","MnDNR","from MNTaxa"
1090,1149,104,"2025-06-21","MnDNR","from MNTaxa"
1091,1156,104,"2025-06-21","MnDNR","from MNTaxa"
1092,1157,104,"2025-06-21","MnDNR","from MNTaxa"
1093,1174,104,"2025-06-21","MnDNR","from MNTaxa"
1094,1171,104,"2025-06-21","MnDNR","from MNTaxa"
1095,1172,104,"2025-06-21","MnDNR","from MNTaxa"
1096,1173,104,"2025-06-21","MnDNR","from MNTaxa"
1097,1177,104,"2025-06-21","MnDNR","from MNTaxa"
1098,1180,104,"2025-06-21","MnDNR","from MNTaxa"
1099,1182,104,"2025-06-21","MnDNR","from MNTaxa"
1100,1183,104,"2025-06-21","MnDNR","from MNTaxa"
1101,1186,104,"2025-06-21","MnDNR","from MNTaxa"
1102,1188,104,"2025-06-21","MnDNR","from MNTaxa"
1103,1189,104,"2025-06-21","MnDNR","from MNTaxa"
1104,1191,104,"2025-06-21","MnDNR","from MNTaxa"
1105,1206,104,"2025-06-21","MnDNR","from MNTaxa"
1106,1196,104,"2025-06-21","MnDNR","from MNTaxa"
1107,1198,104,"2025-06-21","MnDNR","from MNTaxa"
1108,1200,104,"2025-06-21","MnDNR","from MNTaxa"
1109,1201,104,"2025-06-21","MnDNR","from MNTaxa"
1110,1207,104,"2025-06-21","MnDNR","from MNTaxa"
1111,1227,104,"2025-06-21","MnDNR","from MNTaxa"
1112,1234,104,"2025-06-21","MnDNR","from MNTaxa"
1113,1231,104,"2025-06-21","MnDNR","from MNTaxa"
1114,1236,104,"2025-06-21","MnDNR","from MNTaxa"
1115,1243,104,"2025-06-21","MnDNR","from MNTaxa"
1116,1248,104,"2025-06-21","MnDNR","from MNTaxa"
1117,1254,104,"2025-06-21","MnDNR","from MNTaxa"
1118,1256,104,"2025-06-21","MnDNR","from MNTaxa"
1119,1258,104,"2025-06-21","MnDNR","from MNTaxa"
1120,1257,104,"2025-06-21","MnDNR","from MNTaxa"
1121,1261,104,"2025-06-21","MnDNR","from MNTaxa"
1122,1275,104,"2025-06-21","MnDNR","from MNTaxa"
1123,1278,104,"2025-06-21","MnDNR","from MNTaxa"
1124,1276,104,"2025-06-21","MnDNR","from MNTaxa"
1125,1277,104,"2025-06-21","MnDNR","from MNTaxa"
1126,1282,104,"2025-06-21","MnDNR","from MNTaxa"
1127,1286,104,"2025-06-21","MnDNR","from MNTaxa"
1128,1287,104,"2025-06-21","MnDNR","from MNTaxa"
1129,1293,104,"2025-06-21","MnDNR","from MNTaxa"
1130,1288,104,"2025-06-21","MnDNR","from MNTaxa"
1131,1289,104,"2025-06-21","MnDNR","from MNTaxa"
1132,1292,104,"2025-06-21","MnDNR","from MNTaxa"
1133,1300,104,"2025-06-21","MnDNR","from MNTaxa"
1134,1302,104,"2025-06-21","MnDNR","from MNTaxa"
1135,1306,104,"2025-06-21","MnDNR","from MNTaxa"
1136,1307,104,"2025-06-21","MnDNR","from MNTaxa"
1137,1312,104,"2025-06-21","MnDNR","from MNTaxa"
1138,1315,104,"2025-06-21","MnDNR","from MNTaxa"
1139,1320,104,"2025-06-21","MnDNR","from MNTaxa"
1140,1317,104,"2025-06-21","MnDNR","from MNTaxa"
1141,1325,104,"2025-06-21","MnDNR","from MNTaxa"
1142,1328,104,"2025-06-21","MnDNR","from MNTaxa"
1143,1331,104,"2025-06-21","MnDNR","from MNTaxa"
1144,1332,104,"2025-06-21","MnDNR","from MNTaxa"
1145,1335,104,"2025-06-21","MnDNR","from MNTaxa"
1146,1341,104,"2025-06-21","MnDNR","from MNTaxa"
1147,1342,104,"2025-06-21","MnDNR","from MNTaxa"
1148,1355,104,"2025-06-21","MnDNR","from MNTaxa"
1149,1353,104,"2025-06-21","MnDNR","from MNTaxa"
1150,1356,104,"2025-06-21","MnDNR","from MNTaxa"
1151,1357,104,"2025-06-21","MnDNR","from MNTaxa"
1152,1358,104,"2025-06-21","MnDNR","from MNTaxa"
1153,1360,104,"2025-06-21","MnDNR","from MNTaxa"
1154,1361,104,"2025-06-21","MnDNR","from MNTaxa"
1155,1362,104,"2025-06-21","MnDNR","from MNTaxa"
1156,1363,104,"2025-06-21","MnDNR","from MNTaxa"
1157,1381,104,"2025-06-21","MnDNR","from MNTaxa"
1158,1379,104,"2025-06-21","MnDNR","from MNTaxa"
1159,1383,104,"2025-06-21","MnDNR","from MNTaxa"
1160,1385,104,"2025-06-21","MnDNR","from MNTaxa"
1161,1391,104,"2025-06-21","MnDNR","from MNTaxa"
1162,1393,104,"2025-06-21","MnDNR","from MNTaxa"
1163,1394,104,"2025-06-21","MnDNR","from MNTaxa"
1164,1395,104,"2025-06-21","MnDNR","from MNTaxa"
1165,1398,104,"2025-06-21","MnDNR","from MNTaxa"
1166,1400,104,"2025-06-21","MnDNR","from MNTaxa"
1167,1406,104,"2025-06-21","MnDNR","from MNTaxa"
1168,1407,104,"2025-06-21","MnDNR","from MNTaxa"
1169,1418,104,"2025-06-21","MnDNR","from MNTaxa"
1170,1419,104,"2025-06-21","MnDNR","from MNTaxa"
1171,1420,104,"2025-06-21","MnDNR","from MNTaxa"
1172,1502,104,"2025-06-21","MnDNR","from MNTaxa"
1173,1423,104,"2025-06-21","MnDNR","from MNTaxa"
1174,1426,104,"2025-06-21","MnDNR","from MNTaxa"
1175,1429,104,"2025-06-21","MnDNR","from MNTaxa"
1176,1431,104,"2025-06-21","MnDNR","from MNTaxa"
1177,1436,104,"2025-06-21","MnDNR","from MNTaxa"
1178,1441,104,"2025-06-21","MnDNR","from MNTaxa"
1179,1444,104,"2025-06-21","MnDNR","from MNTaxa"
1180,1452,104,"2025-06-21","MnDNR","from MNTaxa"
1181,1453,104,"2025-06-21","MnDNR","from MNTaxa"
1182,1454,104,"2025-06-21","MnDNR","from MNTaxa"
1183,1455,104,"2025-06-21","MnDNR","from MNTaxa"
1184,1457,104,"2025-06-21","MnDNR","from MNTaxa"
1185,1458,104,"2025-06-21","MnDNR","from MNTaxa"
1186,1460,104,"2025-06-21","MnDNR","from MNTaxa"
1187,1461,104,"2025-06-21","MnDNR","from MNTaxa"
1188,1462,104,"2025-06-21","MnDNR","from MNTaxa"
1189,1463,104,"2025-06-21","MnDNR","from MNTaxa"
1190,1464,104,"2025-06-21","MnDNR","from MNTaxa"
1191,1465,104,"2025-06-21","MnDNR","from MNTaxa"
1192,1468,104,"2025-06-21","MnDNR","from MNTaxa"
1193,1469,104,"2025-06-21","MnDNR","from MNTaxa"
1194,1472,104,"2025-06-21","MnDNR","from MNTaxa"
1195,1474,104,"2025-06-21","MnDNR","from MNTaxa"
1196,1475,104,"2025-06-21","MnDNR","from MNTaxa"
1197,1476,104,"2025-06-21","MnDNR","from MNTaxa"
1198,1477,104,"2025-06-21","MnDNR","from MNTaxa"
1199,1483,104,"2025-06-21","MnDNR","from MNTaxa"
1200,1487,104,"2025-06-21","MnDNR","from MNTaxa"
1201,1494,104,"2025-06-21","MnDNR","from MNTaxa"
1202,1496,104,"2025-06-21","MnDNR","from MNTaxa"
1203,1498,104,"2025-06-21","MnDNR","from MNTaxa"
1204,1509,104,"2025-06-21","MnDNR","from MNTaxa"
1205,1511,104,"2025-06-21","MnDNR","from MNTaxa"
1206,1515,104,"2025-06-21","MnDNR","from MNTaxa"
1207,1516,104,"2025-06-21","MnDNR","from MNTaxa"
1208,1522,104,"2025-06-21","MnDNR","from MNTaxa"
1209,1527,104,"2025-06-21","MnDNR","from MNTaxa"
1210,1529,104,"2025-06-21","MnDNR","from MNTaxa"
1211,1530,104,"2025-06-21","MnDNR","from MNTaxa"
1212,1533,104,"2025-06-21","MnDNR","from MNTaxa"
1213,1538,104,"2025-06-21","MnDNR","from MNTaxa"
1214,1559,104,"2025-06-21","MnDNR","from MNTaxa"
1215,1549,104,"2025-06-21","MnDNR","from MNTaxa"
1216,1557,104,"2025-06-21","MnDNR","from MNTaxa"
1217,1567,104,"2025-06-21","MnDNR","from MNTaxa"
1218,1564,104,"2025-06-21","MnDNR","from MNTaxa"
1219,1568,104,"2025-06-21","MnDNR","from MNTaxa"
1220,1569,104,"2025-06-21","MnDNR","from MNTaxa"
1221,1573,104,"2025-06-21","MnDNR","from MNTaxa"
1222,1574,104,"2025-06-21","MnDNR","from MNTaxa"
1223,1575,104,"2025-06-21","MnDNR","from MNTaxa"
1224,1580,104,"2025-06-21","MnDNR","from MNTaxa"
1225,1577,104,"2025-06-21","MnDNR","from MNTaxa"
1226,1579,104,"2025-06-21","MnDNR","from MNTaxa"
1227,1581,104,"2025-06-21","MnDNR","from MNTaxa"
1228,1586,104,"2025-06-21","MnDNR","from MNTaxa"
1229,1589,104,"2025-06-21","MnDNR","from MNTaxa"
1230,1591,104,"2025-06-21","MnDNR","from MNTaxa"
1231,1592,104,"2025-06-21","MnDNR","from MNTaxa"
1232,1601,104,"2025-06-21","MnDNR","from MNTaxa"
1233,1603,104,"2025-06-21","MnDNR","from MNTaxa"
1234,1604,104,"2025-06-21","MnDNR","from MNTaxa"
1235,1610,104,"2025-06-21","MnDNR","from MNTaxa"
1236,1614,104,"2025-06-21","MnDNR","from MNTaxa"
1237,1615,104,"2025-06-21","MnDNR","from MNTaxa"
1238,1618,104,"2025-06-21","MnDNR","from MNTaxa"
1239,1619,104,"2025-06-21","MnDNR","from MNTaxa"
1240,1621,104,"2025-06-21","MnDNR","from MNTaxa"
1241,1622,104,"2025-06-21","MnDNR","from MNTaxa"
1242,1627,104,"2025-06-21","MnDNR","from MNTaxa"
1243,1631,104,"2025-06-21","MnDNR","from MNTaxa"
1244,1651,104,"2025-06-21","MnDNR","from MNTaxa"
1245,1657,104,"2025-06-21","MnDNR","from MNTaxa"
1246,1664,104,"2025-06-21","MnDNR","from MNTaxa"
1247,1661,104,"2025-06-21","MnDNR","from MNTaxa"
1248,1666,104,"2025-06-21","MnDNR","from MNTaxa"
1249,1679,104,"2025-06-21","MnDNR","from MNTaxa"
1250,1677,104,"2025-06-21","MnDNR","from MNTaxa"
1251,1685,104,"2025-06-21","MnDNR","from MNTaxa"
1252,1692,104,"2025-06-21","MnDNR","from MNTaxa"
1253,1693,104,"2025-06-21","MnDNR","from MNTaxa"
1254,1694,104,"2025-06-21","MnDNR","from MNTaxa"
1255,1695,104,"2025-06-21","MnDNR","from MNTaxa"
1256,1696,104,"2025-06-21","MnDNR","from MNTaxa"
1257,1697,104,"2025-06-21","MnDNR","from MNTaxa"
1258,1700,104,"2025-06-21","MnDNR","from MNTaxa"
1259,1701,104,"2025-06-21","MnDNR","from MNTaxa"
1260,1704,104,"2025-06-21","MnDNR","from MNTaxa"
1261,1712,104,"2025-06-21","MnDNR","from MNTaxa"
1262,1707,104,"2025-06-21","MnDNR","from MNTaxa"
1263,1710,104,"2025-06-21","MnDNR","from MNTaxa"
1264,1714,104,"2025-06-21","MnDNR","from MNTaxa"
1265,1719,104,"2025-06-21","MnDNR","from MNTaxa"
1266,1726,104,"2025-06-21","MnDNR","from MNTaxa"
1267,1728,104,"2025-06-21","MnDNR","from MNTaxa"
1268,1730,104,"2025-06-21","MnDNR","from MNTaxa"
1269,1738,104,"2025-06-21","MnDNR","from MNTaxa"
1270,1757,104,"2025-06-21","MnDNR","from MNTaxa"
1271,1746,104,"2025-06-21","MnDNR","from MNTaxa"
1272,1750,104,"2025-06-21","MnDNR","from MNTaxa"
1273,1751,104,"2025-06-21","MnDNR","from MNTaxa"
1274,1755,104,"2025-06-21","MnDNR","from MNTaxa"
1275,1759,104,"2025-06-21","MnDNR","from MNTaxa"
1276,1780,104,"2025-06-21","MnDNR","from MNTaxa"
1277,1782,104,"2025-06-21","MnDNR","from MNTaxa"
1278,1784,104,"2025-06-21","MnDNR","from MNTaxa"
1279,1790,104,"2025-06-21","MnDNR","from MNTaxa"
1280,1793,104,"2025-06-21","MnDNR","from MNTaxa"
1281,1794,104,"2025-06-21","MnDNR","from MNTaxa"
1282,1809,104,"2025-06-21","MnDNR","from MNTaxa"
1283,1813,104,"2025-06-21","MnDNR","from MNTaxa"
1284,1810,104,"2025-06-21","MnDNR","from MNTaxa"
1285,1815,104,"2025-06-21","MnDNR","from MNTaxa"
1286,1828,104,"2025-06-21","MnDNR","from MNTaxa"
1287,1831,104,"2025-06-21","MnDNR","from MNTaxa"
1288,1833,104,"2025-06-21","MnDNR","from MNTaxa"
1289,1841,104,"2025-06-21","MnDNR","from MNTaxa"
1290,1842,104,"2025-06-21","MnDNR","from MNTaxa"
1291,1847,104,"2025-06-21","MnDNR","from MNTaxa"
1292,1849,104,"2025-06-21","MnDNR","from MNTaxa"
1293,1851,104,"2025-06-21","MnDNR","from MNTaxa"
1294,1864,104,"2025-06-21","MnDNR","from MNTaxa"
1295,1854,104,"2025-06-21","MnDNR","from MNTaxa"
1296,1856,104,"2025-06-21","MnDNR","from MNTaxa"
1297,1859,104,"2025-06-21","MnDNR","from MNTaxa"
1298,1860,104,"2025-06-21","MnDNR","from MNTaxa"
1299,1872,104,"2025-06-21","MnDNR","from MNTaxa"
1300,1869,104,"2025-06-21","MnDNR","from MNTaxa"
1301,1871,104,"2025-06-21","MnDNR","from MNTaxa"
1302,1873,104,"2025-06-21","MnDNR","from MNTaxa"
1303,1874,104,"2025-06-21","MnDNR","from MNTaxa"
1304,1878,104,"2025-06-21","MnDNR","from MNTaxa"
1305,1879,104,"2025-06-21","MnDNR","from MNTaxa"
1306,1880,104,"2025-06-21","MnDNR","from MNTaxa"
1307,1881,104,"2025-06-21","MnDNR","from MNTaxa"
1308,1886,104,"2025-06-21","MnDNR","from MNTaxa"
1309,1913,104,"2025-06-21","MnDNR","from MNTaxa"
1310,1910,104,"2025-06-21","MnDNR","from MNTaxa"
1311,1916,104,"2025-06-21","MnDNR","from MNTaxa"
1312,1918,104,"2025-06-21","MnDNR","from MNTaxa"
1313,1924,104,"2025-06-21","MnDNR","from MNTaxa"
1314,1927,104,"2025-06-21","MnDNR","from MNTaxa"
1315,1936,104,"2025-06-21","MnDNR","from MNTaxa"
1316,1948,104,"2025-06-21","MnDNR","from MNTaxa"
1317,1952,104,"2025-06-21","MnDNR","from MNTaxa"
1318,1960,104,"2025-06-21","MnDNR","from MNTaxa"
1319,1961,104,"2025-06-21","MnDNR","from MNTaxa"
1320,1971,104,"2025-06-21","MnDNR","from MNTaxa"
1321,1969,104,"2025-06-21","MnDNR","from MNTaxa"
1322,1975,104,"2025-06-21","MnDNR","from MNTaxa"
1323,1977,104,"2025-06-21","MnDNR","from MNTaxa"
1324,1982,104,"2025-06-21","MnDNR","from MNTaxa"
1325,1983,104,"2025-06-21","MnDNR","from MNTaxa"
1326,1986,104,"2025-06-21","MnDNR","from MNTaxa"
1327,1989,104,"2025-06-21","MnDNR","from MNTaxa"
1328,1993,104,"2025-06-21","MnDNR","from MNTaxa"
1329,2002,104,"2025-06-21","MnDNR","from MNTaxa"
1330,2000,104,"2025-06-21","MnDNR","from MNTaxa"
1331,2003,104,"2025-06-21","MnDNR","from MNTaxa"
1332,2008,104,"2025-06-21","MnDNR","from MNTaxa"
1333,2009,104,"2025-06-21","MnDNR","from MNTaxa"
1334,2022,104,"2025-06-21","MnDNR","from MNTaxa"
1335,2019,104,"2025-06-21","MnDNR","from MNTaxa"
1336,2025,104,"2025-06-21","MnDNR","from MNTaxa"
1337,2026,104,"2025-06-21","MnDNR","from MNTaxa"
1338,2027,104,"2025-06-21","MnDNR","from MNTaxa"
1339,2031,104,"2025-06-21","MnDNR","from MNTaxa"
1340,2034,104,"2025-06-21","MnDNR","from MNTaxa"
1341,2035,104,"2025-06-21","MnDNR","from MNTaxa"
1342,2038,104,"2025-06-21","MnDNR","from MNTaxa"
1343,2043,104,"2025-06-21","MnDNR","from MNTaxa"
1344,2044,104,"2025-06-21","MnDNR","from MNTaxa"
1345,2046,104,"2025-06-21","MnDNR","from MNTaxa"
1346,2048,104,"2025-06-21","MnDNR","from MNTaxa"
1347,2064,104,"2025-06-21","MnDNR","from MNTaxa"
1348,2065,104,"2025-06-21","MnDNR","from MNTaxa"
1349,2069,104,"2025-06-21","MnDNR","from MNTaxa"
1350,2072,104,"2025-06-21","MnDNR","from MNTaxa"
1351,2074,104,"2025-06-21","MnDNR","from MNTaxa"
1352,2075,104,"2025-06-21","MnDNR","from MNTaxa"
1353,2076,104,"2025-06-21","MnDNR","from MNTaxa"
1354,2077,104,"2025-06-21","MnDNR","from MNTaxa"
1355,2083,104,"2025-06-21","MnDNR","from MNTaxa"
1356,2080,104,"2025-06-21","MnDNR","from MNTaxa"
1357,2081,104,"2025-06-21","MnDNR","from MNTaxa"
1358,2086,104,"2025-06-21","MnDNR","from MNTaxa"
1359,2084,104,"2025-06-21","MnDNR","from MNTaxa"
1360,2087,104,"2025-06-21","MnDNR","from MNTaxa"
1361,2089,104,"2025-06-21","MnDNR","from MNTaxa"
1362,2090,104,"2025-06-21","MnDNR","from MNTaxa"
1363,2091,104,"2025-06-21","MnDNR","from MNTaxa"
1364,2093,104,"2025-06-21","MnDNR","from MNTaxa"
1365,2094,104,"2025-06-21","MnDNR","from MNTaxa"
1366,2101,104,"2025-06-21","MnDNR","from MNTaxa"
1367,2102,104,"2025-06-21","MnDNR","from MNTaxa"
1368,2106,104,"2025-06-21","MnDNR","from MNTaxa"
1369,2110,104,"2025-06-21","MnDNR","from MNTaxa"
1370,2114,104,"2025-06-21","MnDNR","from MNTaxa"
1371,2118,104,"2025-06-21","MnDNR","from MNTaxa"
1372,2120,104,"2025-06-21","MnDNR","from MNTaxa"
1373,2121,104,"2025-06-21","MnDNR","from MNTaxa"
1374,2137,104,"2025-06-21","MnDNR","from MNTaxa"
1375,2139,104,"2025-06-21","MnDNR","from MNTaxa"
1376,2148,104,"2025-06-21","MnDNR","from MNTaxa"
1377,2150,104,"2025-06-21","MnDNR","from MNTaxa"
1378,2158,104,"2025-06-21","MnDNR","from MNTaxa"
1379,2168,104,"2025-06-21","MnDNR","from MNTaxa"
1380,2170,104,"2025-06-21","MnDNR","from MNTaxa"
1381,2176,104,"2025-06-21","MnDNR","from MNTaxa"
1382,2184,104,"2025-06-21","MnDNR","from MNTaxa"
1383,2194,104,"2025-06-21","MnDNR","from MNTaxa"
1384,2195,104,"2025-06-21","MnDNR","from MNTaxa"
1385,2196,104,"2025-06-21","MnDNR","from MNTaxa"
1386,2200,104,"2025-06-21","MnDNR","from MNTaxa"
1387,2201,104,"2025-06-21","MnDNR","from MNTaxa"
1388,2202,104,"2025-06-21","MnDNR","from MNTaxa"
1389,2203,104,"2025-06-21","MnDNR","from MNTaxa"
1390,2206,104,"2025-06-21","MnDNR","from MNTaxa"
1391,2209,104,"2025-06-21","MnDNR","from MNTaxa"
1392,2210,104,"2025-06-21","MnDNR","from MNTaxa"
1393,2213,104,"2025-06-21","MnDNR","from MNTaxa"
1394,2215,104,"2025-06-21","MnDNR","from MNTaxa"
1395,2216,104,"2025-06-21","MnDNR","from MNTaxa"
1396,2219,104,"2025-06-21","MnDNR","from MNTaxa"
1397,2221,104,"2025-06-21","MnDNR","from MNTaxa"
1398,2222,104,"2025-06-21","MnDNR","from MNTaxa"
1399,2225,104,"2025-06-21","MnDNR","from MNTaxa"
1400,2229,104,"2025-06-21","MnDNR","from MNTaxa"
1401,2231,104,"2025-06-21","MnDNR","from MNTaxa"
1402,2235,104,"2025-06-21","MnDNR","from MNTaxa"
1403,2239,104,"2025-06-21","MnDNR","from MNTaxa"
1404,2243,104,"2025-06-21","MnDNR","from MNTaxa"
1405,2245,104,"2025-06-21","MnDNR","from MNTaxa"
1406,2249,104,"2025-06-21","MnDNR","from MNTaxa"
1407,2253,104,"2025-06-21","MnDNR","from MNTaxa"
1408,2250,104,"2025-06-21","MnDNR","from MNTaxa"
1409,2251,104,"2025-06-21","MnDNR","from MNTaxa"
1410,2252,104,"2025-06-21","MnDNR","from MNTaxa"
1411,2255,104,"2025-06-21","MnDNR","from MNTaxa"
1412,2258,104,"2025-06-21","MnDNR","from MNTaxa"
1413,2263,104,"2025-06-21","MnDNR","from MNTaxa"
1414,2265,104,"2025-06-21","MnDNR","from MNTaxa"
1415,2268,104,"2025-06-21","MnDNR","from MNTaxa"
1416,2270,104,"2025-06-21","MnDNR","from MNTaxa"
1417,2277,104,"2025-06-21","MnDNR","from MNTaxa"
1418,2275,104,"2025-06-21","MnDNR","from MNTaxa"
1419,2276,104,"2025-06-21","MnDNR","from MNTaxa"
1420,2281,104,"2025-06-21","MnDNR","from MNTaxa"
1421,2286,104,"2025-06-21","MnDNR","from MNTaxa"
1422,2283,104,"2025-06-21","MnDNR","from MNTaxa"
1423,2284,104,"2025-06-21","MnDNR","from MNTaxa"
1424,2285,104,"2025-06-21","MnDNR","from MNTaxa"
1425,2293,104,"2025-06-21","MnDNR","from MNTaxa"
1426,2299,104,"2025-06-21","MnDNR","from MNTaxa"
1427,2303,104,"2025-06-21","MnDNR","from MNTaxa"
1428,2318,104,"2025-06-21","MnDNR","from MNTaxa"
1429,2322,104,"2025-06-21","MnDNR","from MNTaxa"
1430,2319,104,"2025-06-21","MnDNR","from MNTaxa"
1431,2323,104,"2025-06-21","MnDNR","from MNTaxa"
1432,2324,104,"2025-06-21","MnDNR","from MNTaxa"
1433,2331,104,"2025-06-21","MnDNR","from MNTaxa"
1434,2335,104,"2025-06-21","MnDNR","from MNTaxa"
1435,2336,104,"2025-06-21","MnDNR","from MNTaxa"
1436,2338,104,"2025-06-21","MnDNR","from MNTaxa"
1437,2339,104,"2025-06-21","MnDNR","from MNTaxa"
1438,2341,104,"2025-06-21","MnDNR","from MNTaxa"
1439,2340,104,"2025-06-21","MnDNR","from MNTaxa"
1440,2352,104,"2025-06-21","MnDNR","from MNTaxa"
1441,2356,104,"2025-06-21","MnDNR","from MNTaxa"
1442,2353,104,"2025-06-21","MnDNR","from MNTaxa"
1443,2361,104,"2025-06-21","MnDNR","from MNTaxa"
1444,2362,104,"2025-06-21","MnDNR","from MNTaxa"
1445,2363,104,"2025-06-21","MnDNR","from MNTaxa"
1446,2364,104,"2025-06-21","MnDNR","from MNTaxa"
1447,2367,104,"2025-06-21","MnDNR","from MNTaxa"
1448,2370,104,"2025-06-21","MnDNR","from MNTaxa"
1449,2373,104,"2025-06-21","MnDNR","from MNTaxa"
1450,2375,104,"2025-06-21","MnDNR","from MNTaxa"
1451,2376,104,"2025-06-21","MnDNR","from MNTaxa"
1452,2382,104,"2025-06-21","MnDNR","from MNTaxa"
1453,2388,104,"2025-06-21","MnDNR","from MNTaxa"
1454,2392,104,"2025-06-21","MnDNR","from MNTaxa"
1455,2396,104,"2025-06-21","MnDNR","from MNTaxa"
1456,2397,104,"2025-06-21","MnDNR","from MNTaxa"
1457,2398,104,"2025-06-21","MnDNR","from MNTaxa"
1458,2403,104,"2025-06-21","MnDNR","from MNTaxa"
1459,2402,104,"2025-06-21","MnDNR","from MNTaxa"
1460,2407,104,"2025-06-21","MnDNR","from MNTaxa"
1461,2408,104,"2025-06-21","MnDNR","from MNTaxa"
1462,2412,104,"2025-06-21","MnDNR","from MNTaxa"
1463,2424,104,"2025-06-21","MnDNR","from MNTaxa"
1464,2423,104,"2025-06-21","MnDNR","from MNTaxa"
1465,2429,104,"2025-06-21","MnDNR","from MNTaxa"
1466,2430,104,"2025-06-21","MnDNR","from MNTaxa"
1467,2434,104,"2025-06-21","MnDNR","from MNTaxa"
1468,2439,104,"2025-06-21","MnDNR","from MNTaxa"
1469,2441,104,"2025-06-21","MnDNR","from MNTaxa"
1470,2444,104,"2025-06-21","MnDNR","from MNTaxa"
1471,2447,104,"2025-06-21","MnDNR","from MNTaxa"
1472,2451,104,"2025-06-21","MnDNR","from MNTaxa"
1473,2457,104,"2025-06-21","MnDNR","from MNTaxa"
1474,2465,104,"2025-06-21","MnDNR","from MNTaxa"
1475,2461,104,"2025-06-21","MnDNR","from MNTaxa"
1476,2462,104,"2025-06-21","MnDNR","from MNTaxa"
1477,2464,104,"2025-06-21","MnDNR","from MNTaxa"
1478,2466,104,"2025-06-21","MnDNR","from MNTaxa"
1479,2467,104,"2025-06-21","MnDNR","from MNTaxa"
1480,2469,104,"2025-06-21","MnDNR","from MNTaxa"
1481,2479,104,"2025-06-21","MnDNR","from MNTaxa"
1482,2480,104,"2025-06-21","MnDNR","from MNTaxa"
1483,2482,104,"2025-06-21","MnDNR","from MNTaxa"
1484,2486,104,"2025-06-21","MnDNR","from MNTaxa"
1485,2487,104,"2025-06-21","MnDNR","from MNTaxa"
1486,2488,104,"2025-06-21","MnDNR","from MNTaxa"
1487,2489,104,"2025-06-21","MnDNR","from MNTaxa"
1488,2493,104,"2025-06-21","MnDNR","from MNTaxa"
1489,2495,104,"2025-06-21","MnDNR","from MNTaxa"
1490,2497,104,"2025-06-21","MnDNR","from MNTaxa"
1491,2498,104,"2025-06-21","MnDNR","from MNTaxa"
1492,2499,104,"2025-06-21","MnDNR","from MNTaxa"
1493,2502,104,"2025-06-21","MnDNR","from MNTaxa"
1494,2503,104,"2025-06-21","MnDNR","from MNTaxa"
1495,2506,104,"2025-06-21","MnDNR","from MNTaxa"
1496,2508,104,"2025-06-21","MnDNR","from MNTaxa"
1497,2509,104,"2025-06-21","MnDNR","from MNTaxa"
1498,2510,104,"2025-06-21","MnDNR","from MNTaxa"
1499,2514,104,"2025-06-21","MnDNR","from MNTaxa"
1500,2516,104,"2025-06-21","MnDNR","from MNTaxa"
1501,2522,104,"2025-06-21","MnDNR","from MNTaxa"
1502,2521,104,"2025-06-21","MnDNR","from MNTaxa"
1503,2523,104,"2025-06-21","MnDNR","from MNTaxa"
1504,2524,104,"2025-06-21","MnDNR","from MNTaxa"
1505,2533,104,"2025-06-21","MnDNR","from MNTaxa"
1506,2530,104,"2025-06-21","MnDNR","from MNTaxa"
1507,2531,104,"2025-06-21","MnDNR","from MNTaxa"
1508,2536,104,"2025-06-21","MnDNR","from MNTaxa"
1509,2537,104,"2025-06-21","MnDNR","from MNTaxa"
1510,2541,104,"2025-06-21","MnDNR","from MNTaxa"
1511,2540,104,"2025-06-21","MnDNR","from MNTaxa"
1512,2542,104,"2025-06-21","MnDNR","from MNTaxa"
1513,2547,104,"2025-06-21","MnDNR","from MNTaxa"
1514,2548,104,"2025-06-21","MnDNR","from MNTaxa"
1515,2558,104,"2025-06-21","MnDNR","from MNTaxa"
1516,2567,104,"2025-06-21","MnDNR","from MNTaxa"
1517,2570,104,"2025-06-21","MnDNR","from MNTaxa"
1518,2573,104,"2025-06-21","MnDNR","from MNTaxa"
1519,2575,104,"2025-06-21","MnDNR","from MNTaxa"
1520,2576,104,"2025-06-21","MnDNR","from MNTaxa"
1521,2581,104,"2025-06-21","MnDNR","from MNTaxa"
1522,2582,104,"2025-06-21","MnDNR","from MNTaxa"
1523,2589,104,"2025-06-21","MnDNR","from MNTaxa"
1524,2590,104,"2025-06-21","MnDNR","from MNTaxa"
1525,2598,104,"2025-06-21","MnDNR","from MNTaxa"
1526,2612,104,"2025-06-21","MnDNR","from MNTaxa"
1527,2616,104,"2025-06-21","MnDNR","from MNTaxa"
1528,2627,104,"2025-06-21","MnDNR","from MNTaxa"
1529,2632,104,"2025-06-21","MnDNR","from MNTaxa"
1530,2633,104,"2025-06-21","MnDNR","from MNTaxa"
1531,2635,104,"2025-06-21","MnDNR","from MNTaxa"
1532,2645,104,"2025-06-21","MnDNR","from MNTaxa"
1533,2646,104,"2025-06-21","MnDNR","from MNTaxa"
1534,2653,104,"2025-06-21","MnDNR","from MNTaxa"
1535,2654,104,"2025-06-21","MnDNR","from MNTaxa"
1536,2657,104,"2025-06-21","MnDNR","from MNTaxa"
1537,2658,104,"2025-06-21","MnDNR","from MNTaxa"
1538,2667,104,"2025-06-21","MnDNR","from MNTaxa"
1539,2678,104,"2025-06-21","MnDNR","from MNTaxa"
1540,2679,104,"2025-06-21","MnDNR","from MNTaxa"
1541,2680,104,"2025-06-21","MnDNR","from MNTaxa"
1542,2681,104,"2025-06-21","MnDNR","from MNTaxa"
1543,2686,104,"2025-06-21","MnDNR","from MNTaxa"
1544,2688,104,"2025-06-21","MnDNR","from MNTaxa"
1545,2691,104,"2025-06-21","MnDNR","from MNTaxa"
1546,2694,104,"2025-06-21","MnDNR","from MNTaxa"
1547,2695,104,"2025-06-21","MnDNR","from MNTaxa"
1548,2696,104,"2025-06-21","MnDNR","from MNTaxa"
1549,2699,104,"2025-06-21","MnDNR","from MNTaxa"
1550,2704,104,"2025-06-21","MnDNR","from MNTaxa"
1551,2707,104,"2025-06-21","MnDNR","from MNTaxa"
1552,2711,104,"2025-06-21","MnDNR","from MNTaxa"
1553,2718,104,"2025-06-21","MnDNR","from MNTaxa"
1554,2719,104,"2025-06-21","MnDNR","from MNTaxa"
1555,2720,104,"2025-06-21","MnDNR","from MNTaxa"
1556,2721,104,"2025-06-21","MnDNR","from MNTaxa"
1557,2725,104,"2025-06-21","MnDNR","from MNTaxa"
1558,2726,104,"2025-06-21","MnDNR","from MNTaxa"
1559,2727,104,"2025-06-21","MnDNR","from MNTaxa"
1560,2734,104,"2025-06-21","MnDNR","from MNTaxa"
1561,2736,104,"2025-06-21","MnDNR","from MNTaxa"
1562,2737,104,"2025-06-21","MnDNR","from MNTaxa"
1563,2740,104,"2025-06-21","MnDNR","from MNTaxa"
1564,2741,104,"2025-06-21","MnDNR","from MNTaxa"
1565,2746,104,"2025-06-21","MnDNR","from MNTaxa"
1566,2749,104,"2025-06-21","MnDNR","from MNTaxa"
1567,2751,104,"2025-06-21","MnDNR","from MNTaxa"
1568,2754,104,"2025-06-21","MnDNR","from MNTaxa"
1569,2757,104,"2025-06-21","MnDNR","from MNTaxa"
1570,2759,104,"2025-06-21","MnDNR","from MNTaxa"
1571,2771,104,"2025-06-21","MnDNR","from MNTaxa"
1572,2769,104,"2025-06-21","MnDNR","from MNTaxa"
1573,2770,104,"2025-06-21","MnDNR","from MNTaxa"
1574,2773,104,"2025-06-21","MnDNR","from MNTaxa"
1575,2783,104,"2025-06-21","MnDNR","from MNTaxa"
1576,2786,104,"2025-06-21","MnDNR","from MNTaxa"
1577,2787,104,"2025-06-21","MnDNR","from MNTaxa"
1578,2790,104,"2025-06-21","MnDNR","from MNTaxa"
1579,2793,104,"2025-06-21","MnDNR","from MNTaxa"
1580,2796,104,"2025-06-21","MnDNR","from MNTaxa"
1581,2799,104,"2025-06-21","MnDNR","from MNTaxa"
1582,2806,104,"2025-06-21","MnDNR","from MNTaxa"
1583,2807,104,"2025-06-21","MnDNR","from MNTaxa"
1584,2808,104,"2025-06-21","MnDNR","from MNTaxa"
1585,2810,104,"2025-06-21","MnDNR","from MNTaxa"
1586,2813,104,"2025-06-21","MnDNR","from MNTaxa"
1587,2822,104,"2025-06-21","MnDNR","from MNTaxa"
1588,2823,104,"2025-06-21","MnDNR","from MNTaxa"
1589,2829,104,"2025-06-21","MnDNR","from MNTaxa"
1590,2830,104,"2025-06-21","MnDNR","from MNTaxa"
1591,2831,104,"2025-06-21","MnDNR","from MNTaxa"
1592,2834,104,"2025-06-21","MnDNR","from MNTaxa"
1593,2849,104,"2025-06-21","MnDNR","from MNTaxa"
1594,2851,104,"2025-06-21","MnDNR","from MNTaxa"
1595,2855,104,"2025-06-21","MnDNR","from MNTaxa"
1596,2859,104,"2025-06-21","MnDNR","from MNTaxa"
1597,2875,104,"2025-06-21","MnDNR","from MNTaxa"
1598,2876,104,"2025-06-21","MnDNR","from MNTaxa"
1599,2882,104,"2025-06-21","MnDNR","from MNTaxa"
1600,2885,104,"2025-06-21","MnDNR","from MNTaxa"
1601,2888,104,"2025-06-21","MnDNR","from MNTaxa"
1602,2890,104,"2025-06-21","MnDNR","from MNTaxa"
1603,2893,104,"2025-06-21","MnDNR","from MNTaxa"
1604,2901,104,"2025-06-21","MnDNR","from MNTaxa"
1605,2898,104,"2025-06-21","MnDNR","from MNTaxa"
1606,2904,104,"2025-06-21","MnDNR","from MNTaxa"
1607,2905,104,"2025-06-21","MnDNR","from MNTaxa"
1608,2918,104,"2025-06-21","MnDNR","from MNTaxa"
1609,2906,104,"2025-06-21","MnDNR","from MNTaxa"
1610,2907,104,"2025-06-21","MnDNR","from MNTaxa"
1611,2908,104,"2025-06-21","MnDNR","from MNTaxa"
1612,2909,104,"2025-06-21","MnDNR","from MNTaxa"
1613,2912,104,"2025-06-21","MnDNR","from MNTaxa"
1614,2919,104,"2025-06-21","MnDNR","from MNTaxa"
1615,2924,104,"2025-06-21","MnDNR","from MNTaxa"
1616,2925,104,"2025-06-21","MnDNR","from MNTaxa"
1617,2927,104,"2025-06-21","MnDNR","from MNTaxa"
1618,2928,104,"2025-06-21","MnDNR","from MNTaxa"
1619,2931,104,"2025-06-21","MnDNR","from MNTaxa"
1620,2932,104,"2025-06-21","MnDNR","from MNTaxa"
1621,2935,104,"2025-06-21","MnDNR","from MNTaxa"
1622,2936,104,"2025-06-21","MnDNR","from MNTaxa"
1623,2945,104,"2025-06-21","MnDNR","from MNTaxa"
1624,2950,104,"2025-06-21","MnDNR","from MNTaxa"
1625,2951,104,"2025-06-21","MnDNR","from MNTaxa"
1626,2952,104,"2025-06-21","MnDNR","from MNTaxa"
1627,2953,104,"2025-06-21","MnDNR","from MNTaxa"
1628,2967,104,"2025-06-21","MnDNR","from MNTaxa"
1629,2961,104,"2025-06-21","MnDNR","from MNTaxa"
1630,2962,104,"2025-06-21","MnDNR","from MNTaxa"
1631,2964,104,"2025-06-21","MnDNR","from MNTaxa"
1632,2969,104,"2025-06-21","MnDNR","from MNTaxa"
1633,2974,104,"2025-06-21","MnDNR","from MNTaxa"
1634,2976,104,"2025-06-21","MnDNR","from MNTaxa"
1635,2981,104,"2025-06-21","MnDNR","from MNTaxa"
1636,2982,104,"2025-06-21","MnDNR","from MNTaxa"
1637,2983,104,"2025-06-21","MnDNR","from MNTaxa"
1638,2985,104,"2025-06-21","MnDNR","from MNTaxa"
1639,2989,104,"2025-06-21","MnDNR","from MNTaxa"
1640,2986,104,"2025-06-21","MnDNR","from MNTaxa"
1641,2988,104,"2025-06-21","MnDNR","from MNTaxa"
1642,2994,104,"2025-06-21","MnDNR","from MNTaxa"
1643,2997,104,"2025-06-21","MnDNR","from MNTaxa"
1644,3005,104,"2025-06-21","MnDNR","from MNTaxa"
1645,3000,104,"2025-06-21","MnDNR","from MNTaxa"
1646,3006,104,"2025-06-21","MnDNR","from MNTaxa"
1647,3014,104,"2025-06-21","MnDNR","from MNTaxa"
1648,3012,104,"2025-06-21","MnDNR","from MNTaxa"
1649,3018,104,"2025-06-21","MnDNR","from MNTaxa"
1650,3020,104,"2025-06-21","MnDNR","from MNTaxa"
1651,3026,104,"2025-06-21","MnDNR","from MNTaxa"
1652,3027,104,"2025-06-21","MnDNR","from MNTaxa"
1653,3031,104,"2025-06-21","MnDNR","from MNTaxa"
1654,3034,104,"2025-06-21","MnDNR","from MNTaxa"
1655,3039,104,"2025-06-21","MnDNR","from MNTaxa"
1656,3037,104,"2025-06-21","MnDNR","from MNTaxa"
1657,3041,104,"2025-06-21","MnDNR","from MNTaxa"
1658,3046,104,"2025-06-21","MnDNR","from MNTaxa"
1659,3050,104,"2025-06-21","MnDNR","from MNTaxa"
1660,3047,104,"2025-06-21","MnDNR","from MNTaxa"
1661,3048,104,"2025-06-21","MnDNR","from MNTaxa"
1662,3051,104,"2025-06-21","MnDNR","from MNTaxa"
1663,3052,104,"2025-06-21","MnDNR","from MNTaxa"
1664,3055,104,"2025-06-21","MnDNR","from MNTaxa"
1665,3057,104,"2025-06-21","MnDNR","from MNTaxa"
1666,3060,104,"2025-06-21","MnDNR","from MNTaxa"
1667,3061,104,"2025-06-21","MnDNR","from MNTaxa"
1668,3062,104,"2025-06-21","MnDNR","from MNTaxa"
1669,3066,104,"2025-06-21","MnDNR","from MNTaxa"
1670,3076,104,"2025-06-21","MnDNR","from MNTaxa"
1671,3074,104,"2025-06-21","MnDNR","from MNTaxa"
1672,3075,104,"2025-06-21","MnDNR","from MNTaxa"
1673,3082,104,"2025-06-21","MnDNR","from MNTaxa"
1674,3085,104,"2025-06-21","MnDNR","from MNTaxa"
1675,3090,104,"2025-06-21","MnDNR","from MNTaxa"
1676,3091,104,"2025-06-21","MnDNR","from MNTaxa"
1677,3097,104,"2025-06-21","MnDNR","from MNTaxa"
1678,3101,104,"2025-06-21","MnDNR","from MNTaxa"
1679,3113,104,"2025-06-21","MnDNR","from MNTaxa"
1680,3114,104,"2025-06-21","MnDNR","from MNTaxa"
1681,3117,104,"2025-06-21","MnDNR","from MNTaxa"
1682,3126,104,"2025-06-21","MnDNR","from MNTaxa"
1683,3134,104,"2025-06-21","MnDNR","from MNTaxa"
1684,3136,104,"2025-06-21","MnDNR","from MNTaxa"
1685,3143,104,"2025-06-21","MnDNR","from MNTaxa"
1686,3144,104,"2025-06-21","MnDNR","from MNTaxa"
1687,3145,104,"2025-06-21","MnDNR","from MNTaxa"
1688,3161,104,"2025-06-21","MnDNR","from MNTaxa"
1689,3152,104,"2025-06-21","MnDNR","from MNTaxa"
1690,3153,104,"2025-06-21","MnDNR","from MNTaxa"
1691,3155,104,"2025-06-21","MnDNR","from MNTaxa"
1692,3156,104,"2025-06-21","MnDNR","from MNTaxa"
1693,3157,104,"2025-06-21","MnDNR","from MNTaxa"
1694,3160,104,"2025-06-21","MnDNR","from MNTaxa"
1695,3177,104,"2025-06-21","MnDNR","from MNTaxa"
1696,3162,104,"2025-06-21","MnDNR","from MNTaxa"
1697,3163,104,"2025-06-21","MnDNR","from MNTaxa"
1698,3165,104,"2025-06-21","MnDNR","from MNTaxa"
1699,3171,104,"2025-06-21","MnDNR","from MNTaxa"
1700,3172,104,"2025-06-21","MnDNR","from MNTaxa"
1701,3185,104,"2025-06-21","MnDNR","from MNTaxa"
1702,3187,104,"2025-06-21","MnDNR","from MNTaxa"
1703,3191,104,"2025-06-21","MnDNR","from MNTaxa"
1704,3189,104,"2025-06-21","MnDNR","from MNTaxa"
1705,3193,104,"2025-06-21","MnDNR","from MNTaxa"
1706,3196,104,"2025-06-21","MnDNR","from MNTaxa"
1707,3198,104,"2025-06-21","MnDNR","from MNTaxa"
1708,3202,104,"2025-06-21","MnDNR","from MNTaxa"
1709,3211,104,"2025-06-21","MnDNR","from MNTaxa"
1710,3209,104,"2025-06-21","MnDNR","from MNTaxa"
1711,3214,104,"2025-06-21","MnDNR","from MNTaxa"
1712,3215,104,"2025-06-21","MnDNR","from MNTaxa"
1713,3218,104,"2025-06-21","MnDNR","from MNTaxa"
1714,3222,104,"2025-06-21","MnDNR","from MNTaxa"
1715,3230,104,"2025-06-21","MnDNR","from MNTaxa"
1716,3231,104,"2025-06-21","MnDNR","from MNTaxa"
1717,3233,104,"2025-06-21","MnDNR","from MNTaxa"
1718,3234,104,"2025-06-21","MnDNR","from MNTaxa"
1719,3235,104,"2025-06-21","MnDNR","from MNTaxa"
1720,3248,104,"2025-06-21","MnDNR","from MNTaxa"
1721,3250,104,"2025-06-21","MnDNR","from MNTaxa"
1722,3251,104,"2025-06-21","MnDNR","from MNTaxa"
1723,3252,104,"2025-06-21","MnDNR","from MNTaxa"
1724,3255,104,"2025-06-21","MnDNR","from MNTaxa"
1725,3258,104,"2025-06-21","MnDNR","from MNTaxa"
1726,3262,104,"2025-06-21","MnDNR","from MNTaxa"
1727,3264,104,"2025-06-21","MnDNR","from MNTaxa"
1728,3265,104,"2025-06-21","MnDNR","from MNTaxa"
1729,3276,104,"2025-06-21","MnDNR","from MNTaxa"
1730,3278,104,"2025-06-21","MnDNR","from MNTaxa"
1731,3281,104,"2025-06-21","MnDNR","from MNTaxa"
1732,3285,104,"2025-06-21","MnDNR","from MNTaxa"
1733,3287,104,"2025-06-21","MnDNR","from MNTaxa"
1734,3288,104,"2025-06-21","MnDNR","from MNTaxa"
1735,3298,104,"2025-06-21","MnDNR","from MNTaxa"
1736,3300,104,"2025-06-21","MnDNR","from MNTaxa"
1737,3301,104,"2025-06-21","MnDNR","from MNTaxa"
1738,3305,104,"2025-06-21","MnDNR","from MNTaxa"
1739,3307,104,"2025-06-21","MnDNR","from MNTaxa"
1740,3310,104,"2025-06-21","MnDNR","from MNTaxa"
1741,3311,104,"2025-06-21","MnDNR","from MNTaxa"
1742,3322,104,"2025-06-21","MnDNR","from MNTaxa"
1743,3326,104,"2025-06-21","MnDNR","from MNTaxa"
1744,3330,104,"2025-06-21","MnDNR","from MNTaxa"
1745,3333,104,"2025-06-21","MnDNR","from MNTaxa"
1746,3344,104,"2025-06-21","MnDNR","from MNTaxa"
1747,3362,104,"2025-06-21","MnDNR","from MNTaxa"
1748,3365,104,"2025-06-21","MnDNR","from MNTaxa"
1749,3366,104,"2025-06-21","MnDNR","from MNTaxa"
1750,3367,104,"2025-06-21","MnDNR","from MNTaxa"
1751,3369,104,"2025-06-21","MnDNR","from MNTaxa"
1752,3371,104,"2025-06-21","MnDNR","from MNTaxa"
1753,3372,104,"2025-06-21","MnDNR","from MNTaxa"
1754,3373,104,"2025-06-21","MnDNR","from MNTaxa"
1755,1013,105,"2025-06-21","MnDNR","from MNTaxa"
1756,1018,105,"2025-06-21","MnDNR","from MNTaxa"
1757,1020,105,"2025-06-21","MnDNR","from MNTaxa"
1758,1031,105,"2025-06-21","MnDNR","from MNTaxa"
1759,1033,105,"2025-06-21","MnDNR","from MNTaxa"
1760,1039,105,"2025-06-21","MnDNR","from MNTaxa"
1761,1051,105,"2025-06-21","MnDNR","from MNTaxa"
1762,1052,105,"2025-06-21","MnDNR","from MNTaxa"
1763,1063,105,"2025-06-21","MnDNR","from MNTaxa"
1764,1058,105,"2025-06-21","MnDNR","from MNTaxa"
1765,1079,105,"2025-06-21","MnDNR","from MNTaxa"
1766,1073,105,"2025-06-21","MnDNR","from MNTaxa"
1767,1077,105,"2025-06-21","MnDNR","from MNTaxa"
1768,1081,105,"2025-06-21","MnDNR","from MNTaxa"
1769,1082,105,"2025-06-21","MnDNR","from MNTaxa"
1770,1096,105,"2025-06-21","MnDNR","from MNTaxa"
1771,1099,105,"2025-06-21","MnDNR","from MNTaxa"
1772,1105,105,"2025-06-21","MnDNR","from MNTaxa"
1773,1106,105,"2025-06-21","MnDNR","from MNTaxa"
1774,1109,105,"2025-06-21","MnDNR","from MNTaxa"
1775,1110,105,"2025-06-21","MnDNR","from MNTaxa"
1776,1111,105,"2025-06-21","MnDNR","from MNTaxa"
1777,1113,105,"2025-06-21","MnDNR","from MNTaxa"
1778,1134,105,"2025-06-21","MnDNR","from MNTaxa"
1779,1139,105,"2025-06-21","MnDNR","from MNTaxa"
1780,1141,105,"2025-06-21","MnDNR","from MNTaxa"
1781,1169,105,"2025-06-21","MnDNR","from MNTaxa"
1782,1174,105,"2025-06-21","MnDNR","from MNTaxa"
1783,1171,105,"2025-06-21","MnDNR","from MNTaxa"
1784,1172,105,"2025-06-21","MnDNR","from MNTaxa"
1785,1173,105,"2025-06-21","MnDNR","from MNTaxa"
1786,1180,105,"2025-06-21","MnDNR","from MNTaxa"
1787,1181,105,"2025-06-21","MnDNR","from MNTaxa"
1788,1183,105,"2025-06-21","MnDNR","from MNTaxa"
1789,1188,105,"2025-06-21","MnDNR","from MNTaxa"
1790,1191,105,"2025-06-21","MnDNR","from MNTaxa"
1791,1206,105,"2025-06-21","MnDNR","from MNTaxa"
1792,1196,105,"2025-06-21","MnDNR","from MNTaxa"
1793,1198,105,"2025-06-21","MnDNR","from MNTaxa"
1794,1200,105,"2025-06-21","MnDNR","from MNTaxa"
1795,1201,105,"2025-06-21","MnDNR","from MNTaxa"
1796,1223,105,"2025-06-21","MnDNR","from MNTaxa"
1797,1243,105,"2025-06-21","MnDNR","from MNTaxa"
1798,1241,105,"2025-06-21","MnDNR","from MNTaxa"
1799,1248,105,"2025-06-21","MnDNR","from MNTaxa"
1800,1254,105,"2025-06-21","MnDNR","from MNTaxa"
1801,1278,105,"2025-06-21","MnDNR","from MNTaxa"
1802,1276,105,"2025-06-21","MnDNR","from MNTaxa"
1803,1283,105,"2025-06-21","MnDNR","from MNTaxa"
1804,1287,105,"2025-06-21","MnDNR","from MNTaxa"
1805,1306,105,"2025-06-21","MnDNR","from MNTaxa"
1806,1317,105,"2025-06-21","MnDNR","from MNTaxa"
1807,1332,105,"2025-06-21","MnDNR","from MNTaxa"
1808,1336,105,"2025-06-21","MnDNR","from MNTaxa"
1809,1357,105,"2025-06-21","MnDNR","from MNTaxa"
1810,1362,105,"2025-06-21","MnDNR","from MNTaxa"
1811,1382,105,"2025-06-21","MnDNR","from MNTaxa"
1812,1398,105,"2025-06-21","MnDNR","from MNTaxa"
1813,1454,105,"2025-06-21","MnDNR","from MNTaxa"
1814,1457,105,"2025-06-21","MnDNR","from MNTaxa"
1815,1474,105,"2025-06-21","MnDNR","from MNTaxa"
1816,1480,105,"2025-06-21","MnDNR","from MNTaxa"
1817,1483,105,"2025-06-21","MnDNR","from MNTaxa"
1818,1509,105,"2025-06-21","MnDNR","from MNTaxa"
1819,1515,105,"2025-06-21","MnDNR","from MNTaxa"
1820,1527,105,"2025-06-21","MnDNR","from MNTaxa"
1821,1529,105,"2025-06-21","MnDNR","from MNTaxa"
1822,1533,105,"2025-06-21","MnDNR","from MNTaxa"
1823,1549,105,"2025-06-21","MnDNR","from MNTaxa"
1824,1554,105,"2025-06-21","MnDNR","from MNTaxa"
1825,1564,105,"2025-06-21","MnDNR","from MNTaxa"
1826,1568,105,"2025-06-21","MnDNR","from MNTaxa"
1827,1575,105,"2025-06-21","MnDNR","from MNTaxa"
1828,1580,105,"2025-06-21","MnDNR","from MNTaxa"
1829,1591,105,"2025-06-21","MnDNR","from MNTaxa"
1830,1610,105,"2025-06-21","MnDNR","from MNTaxa"
1831,1621,105,"2025-06-21","MnDNR","from MNTaxa"
1832,1622,105,"2025-06-21","MnDNR","from MNTaxa"
1833,1649,105,"2025-06-21","MnDNR","from MNTaxa"
1834,1650,105,"2025-06-21","MnDNR","from MNTaxa"
1835,1677,105,"2025-06-21","MnDNR","from MNTaxa"
1836,1685,105,"2025-06-21","MnDNR","from MNTaxa"
1837,1693,105,"2025-06-21","MnDNR","from MNTaxa"
1838,1712,105,"2025-06-21","MnDNR","from MNTaxa"
1839,1707,105,"2025-06-21","MnDNR","from MNTaxa"
1840,1710,105,"2025-06-21","MnDNR","from MNTaxa"
1841,1728,105,"2025-06-21","MnDNR","from MNTaxa"
1842,1729,105,"2025-06-21","MnDNR","from MNTaxa"
1843,1738,105,"2025-06-21","MnDNR","from MNTaxa"
1844,1757,105,"2025-06-21","MnDNR","from MNTaxa"
1845,1809,105,"2025-06-21","MnDNR","from MNTaxa"
1846,1815,105,"2025-06-21","MnDNR","from MNTaxa"
1847,1820,105,"2025-06-21","MnDNR","from MNTaxa"
1848,1833,105,"2025-06-21","MnDNR","from MNTaxa"
1849,1836,105,"2025-06-21","MnDNR","from MNTaxa"
1850,1841,105,"2025-06-21","MnDNR","from MNTaxa"
1851,1847,105,"2025-06-21","MnDNR","from MNTaxa"
1852,1851,105,"2025-06-21","MnDNR","from MNTaxa"
1853,1880,105,"2025-06-21","MnDNR","from MNTaxa"
1854,1892,105,"2025-06-21","MnDNR","from MNTaxa"
1855,1895,105,"2025-06-21","MnDNR","from MNTaxa"
1856,1913,105,"2025-06-21","MnDNR","from MNTaxa"
1857,1910,105,"2025-06-21","MnDNR","from MNTaxa"
1858,1924,105,"2025-06-21","MnDNR","from MNTaxa"
1859,1948,105,"2025-06-21","MnDNR","from MNTaxa"
1860,1952,105,"2025-06-21","MnDNR","from MNTaxa"
1861,1960,105,"2025-06-21","MnDNR","from MNTaxa"
1862,1961,105,"2025-06-21","MnDNR","from MNTaxa"
1863,1983,105,"2025-06-21","MnDNR","from MNTaxa"
1864,1989,105,"2025-06-21","MnDNR","from MNTaxa"
1865,1992,105,"2025-06-21","MnDNR","from MNTaxa"
1866,2002,105,"2025-06-21","MnDNR","from MNTaxa"
1867,2000,105,"2025-06-21","MnDNR","from MNTaxa"
1868,2009,105,"2025-06-21","MnDNR","from MNTaxa"
1869,2022,105,"2025-06-21","MnDNR","from MNTaxa"
1870,2019,105,"2025-06-21","MnDNR","from MNTaxa"
1871,2038,105,"2025-06-21","MnDNR","from MNTaxa"
1872,2048,105,"2025-06-21","MnDNR","from MNTaxa"
1873,2072,105,"2025-06-21","MnDNR","from MNTaxa"
1874,2076,105,"2025-06-21","MnDNR","from MNTaxa"
1875,2083,105,"2025-06-21","MnDNR","from MNTaxa"
1876,2080,105,"2025-06-21","MnDNR","from MNTaxa"
1877,2085,105,"2025-06-21","MnDNR","from MNTaxa"
1878,2087,105,"2025-06-21","MnDNR","from MNTaxa"
1879,2093,105,"2025-06-21","MnDNR","from MNTaxa"
1880,2102,105,"2025-06-21","MnDNR","from MNTaxa"
1881,2114,105,"2025-06-21","MnDNR","from MNTaxa"
1882,2118,105,"2025-06-21","MnDNR","from MNTaxa"
1883,2137,105,"2025-06-21","MnDNR","from MNTaxa"
1884,2147,105,"2025-06-21","MnDNR","from MNTaxa"
1885,2148,105,"2025-06-21","MnDNR","from MNTaxa"
1886,2170,105,"2025-06-21","MnDNR","from MNTaxa"
1887,2176,105,"2025-06-21","MnDNR","from MNTaxa"
1888,2193,105,"2025-06-21","MnDNR","from MNTaxa"
1889,2196,105,"2025-06-21","MnDNR","from MNTaxa"
1890,2200,105,"2025-06-21","MnDNR","from MNTaxa"
1891,2211,105,"2025-06-21","MnDNR","from MNTaxa"
1892,2210,105,"2025-06-21","MnDNR","from MNTaxa"
1893,2229,105,"2025-06-21","MnDNR","from MNTaxa"
1894,2231,105,"2025-06-21","MnDNR","from MNTaxa"
1895,2235,105,"2025-06-21","MnDNR","from MNTaxa"
1896,2239,105,"2025-06-21","MnDNR","from MNTaxa"
1897,2245,105,"2025-06-21","MnDNR","from MNTaxa"
1898,2249,105,"2025-06-21","MnDNR","from MNTaxa"
1899,2251,105,"2025-06-21","MnDNR","from MNTaxa"
1900,2252,105,"2025-06-21","MnDNR","from MNTaxa"
1901,2262,105,"2025-06-21","MnDNR","from MNTaxa"
1902,2263,105,"2025-06-21","MnDNR","from MNTaxa"
1903,2265,105,"2025-06-21","MnDNR","from MNTaxa"
1904,2268,105,"2025-06-21","MnDNR","from MNTaxa"
1905,2277,105,"2025-06-21","MnDNR","from MNTaxa"
1906,2275,105,"2025-06-21","MnDNR","from MNTaxa"
1907,2286,105,"2025-06-21","MnDNR","from MNTaxa"
1908,2283,105,"2025-06-21","MnDNR","from MNTaxa"
1909,2285,105,"2025-06-21","MnDNR","from MNTaxa"
1910,2293,105,"2025-06-21","MnDNR","from MNTaxa"
1911,2302,105,"2025-06-21","MnDNR","from MNTaxa"
1912,2303,105,"2025-06-21","MnDNR","from MNTaxa"
1913,2322,105,"2025-06-21","MnDNR","from MNTaxa"
1914,2323,105,"2025-06-21","MnDNR","from MNTaxa"
1915,2324,105,"2025-06-21","MnDNR","from MNTaxa"
1916,2331,105,"2025-06-21","MnDNR","from MNTaxa"
1917,2336,105,"2025-06-21","MnDNR","from MNTaxa"
1918,2341,105,"2025-06-21","MnDNR","from MNTaxa"
1919,2356,105,"2025-06-21","MnDNR","from MNTaxa"
1920,2361,105,"2025-06-21","MnDNR","from MNTaxa"
1921,2362,105,"2025-06-21","MnDNR","from MNTaxa"
1922,2364,105,"2025-06-21","MnDNR","from MNTaxa"
1923,2375,105,"2025-06-21","MnDNR","from MNTaxa"
1924,2376,105,"2025-06-21","MnDNR","from MNTaxa"
1925,2382,105,"2025-06-21","MnDNR","from MNTaxa"
1926,2388,105,"2025-06-21","MnDNR","from MNTaxa"
1927,2396,105,"2025-06-21","MnDNR","from MNTaxa"
1928,2398,105,"2025-06-21","MnDNR","from MNTaxa"
1929,2408,105,"2025-06-21","MnDNR","from MNTaxa"
1930,2424,105,"2025-06-21","MnDNR","from MNTaxa"
1931,2434,105,"2025-06-21","MnDNR","from MNTaxa"
1932,2439,105,"2025-06-21","MnDNR","from MNTaxa"
1933,2465,105,"2025-06-21","MnDNR","from MNTaxa"
1934,2461,105,"2025-06-21","MnDNR","from MNTaxa"
1935,2488,105,"2025-06-21","MnDNR","from MNTaxa"
1936,2489,105,"2025-06-21","MnDNR","from MNTaxa"
1937,2493,105,"2025-06-21","MnDNR","from MNTaxa"
1938,2498,105,"2025-06-21","MnDNR","from MNTaxa"
1939,2499,105,"2025-06-21","MnDNR","from MNTaxa"
1940,2506,105,"2025-06-21","MnDNR","from MNTaxa"
1941,2514,105,"2025-06-21","MnDNR","from MNTaxa"
1942,2522,105,"2025-06-21","MnDNR","from MNTaxa"
1943,2521,105,"2025-06-21","MnDNR","from MNTaxa"
1944,2523,105,"2025-06-21","MnDNR","from MNTaxa"
1945,2524,105,"2025-06-21","MnDNR","from MNTaxa"
1946,2536,105,"2025-06-21","MnDNR","from MNTaxa"
1947,2537,105,"2025-06-21","MnDNR","from MNTaxa"
1948,2544,105,"2025-06-21","MnDNR","from MNTaxa"
1949,2558,105,"2025-06-21","MnDNR","from MNTaxa"
1950,2570,105,"2025-06-21","MnDNR","from MNTaxa"
1951,2581,105,"2025-06-21","MnDNR","from MNTaxa"
1952,2602,105,"2025-06-21","MnDNR","from MNTaxa"
1953,2627,105,"2025-06-21","MnDNR","from MNTaxa"
1954,2645,105,"2025-06-21","MnDNR","from MNTaxa"
1955,2646,105,"2025-06-21","MnDNR","from MNTaxa"
1956,2679,105,"2025-06-21","MnDNR","from MNTaxa"
1957,2684,105,"2025-06-21","MnDNR","from MNTaxa"
1958,2688,105,"2025-06-21","MnDNR","from MNTaxa"
1959,2704,105,"2025-06-21","MnDNR","from MNTaxa"
1960,2718,105,"2025-06-21","MnDNR","from MNTaxa"
1961,2727,105,"2025-06-21","MnDNR","from MNTaxa"
1962,2734,105,"2025-06-21","MnDNR","from MNTaxa"
1963,2736,105,"2025-06-21","MnDNR","from MNTaxa"
1964,2737,105,"2025-06-21","MnDNR","from MNTaxa"
1965,2741,105,"2025-06-21","MnDNR","from MNTaxa"
1966,2749,105,"2025-06-21","MnDNR","from MNTaxa"
1967,2759,105,"2025-06-21","MnDNR","from MNTaxa"
1968,2771,105,"2025-06-21","MnDNR","from MNTaxa"
1969,2770,105,"2025-06-21","MnDNR","from MNTaxa"
1970,2773,105,"2025-06-21","MnDNR","from MNTaxa"
1971,2787,105,"2025-06-21","MnDNR","from MNTaxa"
1972,2793,105,"2025-06-21","MnDNR","from MNTaxa"
1973,2794,105,"2025-06-21","MnDNR","from MNTaxa"
1974,2796,105,"2025-06-21","MnDNR","from MNTaxa"
1975,2807,105,"2025-06-21","MnDNR","from MNTaxa"
1976,2813,105,"2025-06-21","MnDNR","from MNTaxa"
1977,2831,105,"2025-06-21","MnDNR","from MNTaxa"
1978,2849,105,"2025-06-21","MnDNR","from MNTaxa"
1979,2851,105,"2025-06-21","MnDNR","from MNTaxa"
1980,2876,105,"2025-06-21","MnDNR","from MNTaxa"
1981,2881,105,"2025-06-21","MnDNR","from MNTaxa"
1982,2884,105,"2025-06-21","MnDNR","from MNTaxa"
1983,2904,105,"2025-06-21","MnDNR","from MNTaxa"
1984,2906,105,"2025-06-21","MnDNR","from MNTaxa"
1985,2907,105,"2025-06-21","MnDNR","from MNTaxa"
1986,2908,105,"2025-06-21","MnDNR","from MNTaxa"
1987,2912,105,"2025-06-21","MnDNR","from MNTaxa"
1988,2919,105,"2025-06-21","MnDNR","from MNTaxa"
1989,2925,105,"2025-06-21","MnDNR","from MNTaxa"
1990,2928,105,"2025-06-21","MnDNR","from MNTaxa"
1991,2929,105,"2025-06-21","MnDNR","from MNTaxa"
1992,2931,105,"2025-06-21","MnDNR","from MNTaxa"
1993,2953,105,"2025-06-21","MnDNR","from MNTaxa"
1994,2967,105,"2025-06-21","MnDNR","from MNTaxa"
1995,2962,105,"2025-06-21","MnDNR","from MNTaxa"
1996,2964,105,"2025-06-21","MnDNR","from MNTaxa"
1997,2974,105,"2025-06-21","MnDNR","from MNTaxa"
1998,2994,105,"2025-06-21","MnDNR","from MNTaxa"
1999,3005,105,"2025-06-21","MnDNR","from MNTaxa"
2000,3000,105,"2025-06-21","MnDNR","from MNTaxa"
2001,3001,105,"2025-06-21","MnDNR","from MNTaxa"
2002,3002,105,"2025-06-21","MnDNR","from MNTaxa"
2003,3024,105,"2025-06-21","MnDNR","from MNTaxa"
2004,3026,105,"2025-06-21","MnDNR","from MNTaxa"
2005,3027,105,"2025-06-21","MnDNR","from MNTaxa"
2006,3031,105,"2025-06-21","MnDNR","from MNTaxa"
2007,3043,105,"2025-06-21","MnDNR","from MNTaxa"
2008,3046,105,"2025-06-21","MnDNR","from MNTaxa"
2009,3047,105,"2025-06-21","MnDNR","from MNTaxa"
2010,3052,105,"2025-06-21","MnDNR","from MNTaxa"
2011,3055,105,"2025-06-21","MnDNR","from MNTaxa"
2012,3057,105,"2025-06-21","MnDNR","from MNTaxa"
2013,3060,105,"2025-06-21","MnDNR","from MNTaxa"
2014,3062,105,"2025-06-21","MnDNR","from MNTaxa"
2015,3076,105,"2025-06-21","MnDNR","from MNTaxa"
2016,3074,105,"2025-06-21","MnDNR","from MNTaxa"
2017,3075,105,"2025-06-21","MnDNR","from MNTaxa"
2018,3082,105,"2025-06-21","MnDNR","from MNTaxa"
2019,3090,105,"2025-06-21","MnDNR","from MNTaxa"
2020,3091,105,"2025-06-21","MnDNR","from MNTaxa"
2021,3111,105,"2025-06-21","MnDNR","from MNTaxa"
2022,3113,105,"2025-06-21","MnDNR","from MNTaxa"
2023,3114,105,"2025-06-21","MnDNR","from MNTaxa"
2024,3117,105,"2025-06-21","MnDNR","from MNTaxa"
2025,3136,105,"2025-06-21","MnDNR","from MNTaxa"
2026,3143,105,"2025-06-21","MnDNR","from MNTaxa"
2027,3161,105,"2025-06-21","MnDNR","from MNTaxa"
2028,3152,105,"2025-06-21","MnDNR","from MNTaxa"
2029,3153,105,"2025-06-21","MnDNR","from MNTaxa"
2030,3155,105,"2025-06-21","MnDNR","from MNTaxa"
2031,3156,105,"2025-06-21","MnDNR","from MNTaxa"
2032,3160,105,"2025-06-21","MnDNR","from MNTaxa"
2033,3162,105,"2025-06-21","MnDNR","from MNTaxa"
2034,3163,105,"2025-06-21","MnDNR","from MNTaxa"
2035,3171,105,"2025-06-21","MnDNR","from MNTaxa"
2036,3172,105,"2025-06-21","MnDNR","from MNTaxa"
2037,3185,105,"2025-06-21","MnDNR","from MNTaxa"
2038,3193,105,"2025-06-21","MnDNR","from MNTaxa"
2039,3211,105,"2025-06-21","MnDNR","from MNTaxa"
2040,3209,105,"2025-06-21","MnDNR","from MNTaxa"
2041,3214,105,"2025-06-21","MnDNR","from MNTaxa"
2042,3215,105,"2025-06-21","MnDNR","from MNTaxa"
2043,3216,105,"2025-06-21","MnDNR","from MNTaxa"
2044,3232,105,"2025-06-21","MnDNR","from MNTaxa"
2045,3250,105,"2025-06-21","MnDNR","from MNTaxa"
2046,3251,105,"2025-06-21","MnDNR","from MNTaxa"
2047,3252,105,"2025-06-21","MnDNR","from MNTaxa"
2048,3281,105,"2025-06-21","MnDNR","from MNTaxa"
2049,3307,105,"2025-06-21","MnDNR","from MNTaxa"
2050,3322,105,"2025-06-21","MnDNR","from MNTaxa"
2051,3326,105,"2025-06-21","MnDNR","from MNTaxa"
2052,3330,105,"2025-06-21","MnDNR","from MNTaxa"
2053,3365,105,"2025-06-21","MnDNR","from MNTaxa"
2054,3366,105,"2025-06-21","MnDNR","from MNTaxa"
2055,3372,105,"2025-06-21","MnDNR","from MNTaxa"
2056,3373,105,"2025-06-21","MnDNR","from MNTaxa"
